Company Name,Company URL,About,Summary,Industry,Location
Software,https://www.linkedin.com/company/skills-software/,,Perspectives from experts about the questions that matter in Software,,
Software Testing and QA Company | Testbytes,https://www.linkedin.com/company/softwaretestingcompany/,,"...into precision.  Our mission extends beyond delivering exceptional testing services. We're cultivating a global community of software testers, committed to exchanging knowledge and advancing the art of testing. Through this vibrant network, we aim to foster better software testing practices worldwide, ensuring quality...",IT Services and IT Consulting,"Newyork, NY"
Software Mind Americas,https://www.linkedin.com/company/softwaremind-dc-americas/,,"Software Mind is a global digital transformation partner with operations throughout Europe, the US and LATAM. Driven by tech and empowered by people, we provide companies with software engineers and autonomous, cross-functional development teams who manage software life cycles from ideation to release and beyond...",IT Services and IT Consulting,"Louisville, Kentucky"
Software Mind,https://www.linkedin.com/company/software-mind/,,"Software Mind is a global digital transformation partner with operations throughout Europe, the US and LATAM. Driven by tech and empowered by people, we provide companies with software engineers and autonomous, cross-functional development teams who manage software life cycles from ideation to release and beyond...",IT Services and IT Consulting,"Krakow, Malopolskie"
Software University (SoftUni),https://www.linkedin.com/company/software-university-softuni/,,"Software University (SoftUni) is as an education initiative for high quality software education, the biggest and most well-respected educational institution...","Sofia, BG",
Software Testing Studio | WhatsApp 91-6232667387,https://www.linkedin.com/company/software-testing-studio/,,Looking for Job change? WhatsApp 91-6232667387 • Specialties: Software Testing,"Technology, Information and Internet","Bengaluru, Karnataka"
Software AG,https://www.linkedin.com/company/software-ag/,,A Software GmbH brand,Software Development,"Darmstadt, Hessen"
Software Technology Inc.,https://www.linkedin.com/company/software-technology-inc/,,"Software Technology, Inc. is a full service Information Technology solutions provider specializing in e-business, Business Intelligence and Database Systems, systems integration, custom application design and development and computer programming services. Since its foundation in 2004, Software Technology, Inc...",Information Technology & Services,"Princeton, NJ"
Software People Inc.,https://www.linkedin.com/company/software-people-inc./,,"Software People, Inc. is a total software consulting and services company that combines expertise and advanced technology like nobody else does.  Software People is in the business of helping its customers function more productively and profitably through a full range of specialized staffing and project implementation...",IT Services and IT Consulting,"Smithtown, NY"
"Software Guidance & Assistance, Inc. (SGA, Inc.)",https://www.linkedin.com/company/software-guidance-&-assistance/,,Let's work better together,Staffing and Recruiting,"Tarrytown, New York"
Software Development,https://www.linkedin.com/company/skills-software-development/,,Perspectives from experts about the questions that matter in Software Development,,
Software as a Service (SaaS),https://www.linkedin.com/company/skills-software-as-a-service-saas/,,Perspectives from experts about the questions that matter in Software as a Service (SaaS),,
Software Development Life Cycle (SDLC),https://www.linkedin.com/company/skills-software-development-life-cycle-sdlc/,,Perspectives from experts about the questions that matter in Software Development Life Cycle (SDLC),,
Software Project Management,https://www.linkedin.com/company/skills-software-project-management/,,Perspectives from experts about the questions that matter in Software Project Management,,
Software Installation,https://www.linkedin.com/company/skills-software-installation/,,Perspectives from experts about the questions that matter in Software Installation,,
Software Quality Assurance,https://www.linkedin.com/company/skills-software-quality-assurance/,,Perspectives from experts about the questions that matter in Software Quality Assurance,,
Software Documentation,https://www.linkedin.com/company/skills-software-documentation/,,Perspectives from experts about the questions that matter in Software Documentation,,
Software Implementation,https://www.linkedin.com/company/skills-software-implementation/,,Perspectives from experts about the questions that matter in Software Implementation,,
Software Architecture,https://www.linkedin.com/company/skills-software-architecture/,,Perspectives from experts about the questions that matter in Software Architecture,,
Software Quality,https://www.linkedin.com/company/skills-software-quality/,,Perspectives from experts about the questions that matter in Software Quality,,
Software Testing,https://www.linkedin.com/company/skills-software-testing/,,Perspectives from experts about the questions that matter in Software Testing,,
Software Design,https://www.linkedin.com/company/skills-software-design/,,Perspectives from experts about the questions that matter in Software Design,,
MRI Software,https://www.linkedin.com/company/mri-software-llc/,,"Providing intelligent real estate solutions and industry data that transform the way communities live, work, and play • Specialties: Property Management Software",Software Development,"Solon, OH"
Perforce Software,https://www.linkedin.com/company/perforce/,,Specialties: Software Configuration Management (SCM),Software Development,"Minneapolis, MN"
JDA Software,https://www.linkedin.com/company/jda-software/,,"Blue Yonder (formerly JDA Software, Inc.) provides seamless, friction-free commerce please go to our updated company page as this page will no longer be active forthcoming.   Follow our brand new LinkedIn account to learn where we are headed next: www.linkedin.com/company/BlueYonder",Software Development,"Scottsdale, AZ"
"Pivotal Software, Inc.",https://www.linkedin.com/company/pivotal-software-inc./,,"VMware Tanzu helps you modernize your applications and infrastructure with a common goal: deliver better software to production, continuously. The portfolio simplifies multi-cloud operations, while freeing developers to move faster and access the right resources for building the best applications. VMware Tanzu enables...",Software Development,"San Francisco, California"
Aspect Software,https://www.linkedin.com/company/aspect-software/,,"...and the first Workforce Management Software, Aspect’s legacy is unparalleled.  We are returning to our roots as the pioneer of workforce technology, with a commitment...",Software Development,"Boulder, Colorado"
Alterdata Software,https://www.linkedin.com/company/alterdata-software/,,A Alterdata Software é uma empresa brasileira de desenvolvimento de softwares para automação. Uma empresa #FeitadeGente.,Software Development,"Teresópolis, RJ"
Nucleus Software,https://www.linkedin.com/company/nucleus-software-exports-limited/,,Nucleus Software is the leading provider of lending and transaction banking solutions to the global financial services industry. Its software powers...,Software Development,"Noida, UP"
Cybage Software,https://www.linkedin.com/company/cybage/,,"..., we are a leader in software development, partnering with some of the world's largest independent software vendors (ISVs) and enterprises.  Our team of over 7,500 employees supports more than 250 active clients across diverse sectors, including media, software, travel, retail, healthcare, life sciences, logistics...",IT Services and IT Consulting,"Pune, Maharashtra"
Avionté Staffing Software,https://www.linkedin.com/company/avionte-staffing-software/,,The industry’s most comprehensive end-to-end solution for temporary and permanent staffing. #AvionteBOLD • Specialties: Staffing Software,Staffing and Recruiting,"Bloomington, Minnesota"
Centric Software,https://www.linkedin.com/company/centric-software/,,"From its headquarters in Silicon Valley, Centric Software provides an innovative and AI-enabled product concept-to-commercialization platform for retailers...",Software Development,"Campbell, California"
Lucid Software,https://www.linkedin.com/company/lucidsoftware/,,"Lucid Software is the leader in visual collaboration and work acceleration, helping teams see and build the future by turning ideas into reality. Its products include the Lucid Visual Collaboration Suite (Lucidchart and Lucidspark) and airfocus.   The Lucid Visual Collaboration Suite, combined with powerful...",Software Development,"South Jordan, Utah"
TCP Software,https://www.linkedin.com/company/tcpsoftware/,,Learn how TCP Software can help your team work better.,Software Development,"Plano, Texas"
Dew Software,https://www.linkedin.com/company/dewsoftware/,,"At Dew Software, we are a leading player in the Digital Transformation space, empowering businesses to thrive in the rapidly evolving digital landscape...",Software Development,"Fremont, California"
ETAP Software,https://www.linkedin.com/company/operation-technology-inc-/,,"Comprehensive Software Suite (ETAP, SEE, Caneco) to Design, Build, Operate and Maintain Electrical Systems",Software Development,"Irvine, CA"
Iris Software Inc.,https://www.linkedin.com/company/iris-software-inc./,,"Iris Software has been a trusted software engineering partner to several Fortune 500 companies for over three decades. We help clients realize the full potential of technology-enabled transformation by bringing together a unique blend of domain knowledge, best-of-breed technologies, and experience executing essential...",IT Services and IT Consulting,"Edison, NJ"
Momentive Software,https://www.linkedin.com/company/momentivesoftware/,,"Momentive Software amplifies the impact of over 20,000 purpose-driven organizations in more than 30 countries, with over $11 billion raised and 55 million members served to date. Mission-driven nonprofits and associations rely on Momentive’s cloud-based software and services to address their most pressing challenges...",Software Development,"St. Petersburg, Florida"
Quark Software Inc.,https://www.linkedin.com/company/quark/,,"Quark knows content. The company revolutionized desktop publishing and today provides content automation, intelligence and design software for end-to-end content lifecycle management. Customers worldwide rely on Quark to modernize their content ecosystems so they can create complex print and digital layouts, automate...",Software Development,"Grand Rapids, Michigan"
NewVision Software,https://www.linkedin.com/company/newvisionhq/,,"NewVision Software is a leading IT consulting company. With expertise in digital technology, we empower businesses to transform and excel. Headquartered in India, we serve clients globally, delivering innovative solutions across industries. Our goal is to navigate new frontiers of technology and drive digital...",IT Services and IT Consulting,"Peachtree Corners, Georgia"
Daffodil Software,https://www.linkedin.com/company/daffodil-software-ltd-/,,Your Technology Partner for Custom Software Engineering & Innovation,IT Services and IT Consulting,"Grandville, MI"
Trigent Software Inc,https://www.linkedin.com/company/trigent-software/,,"Trigent is a global leader in software solutions, headquartered in Southborough, MA, with development centers in Boston, Bangalore.  As an ISO 9001:2008 certified company, Trigent provides proven results to global Independent Software Vendors (ISVs), Fortune 500 enterprises and SMBs in the High Tech, Healthcare...",IT Services and IT Consulting,"Southborough, MA"
OneData Software Solutions,https://www.linkedin.com/company/onedata-software-solutions/,,Data-Driven Solutions | Software Development | Cloud Consulting | AWS | Data Analytics | Website Development,IT Services and IT Consulting,"Fort Mill, South Carolina"
Raven Software,https://www.linkedin.com/company/raven-software/,,"RAVEN SOFTWARE is the developer of numerous award-winning games, including significant contributions to the blockbuster Call of Duty series.  Founded in 1990 by brothers Brian and Steve Raffel, Raven Software has gone from a five-person company with a dream of creating a role-playing game for the Amiga...",Computer Games,"Middleton, Wisconsin"
"International Software Systems, Inc.",https://www.linkedin.com/company/international-software-systems-inc./,,"International Software Systems, Inc. (ISSI) stands as a prominent IT services provider in Greenbelt, Maryland. Our mission is to deliver exceptional solutions to a diverse range of clients, including Federal, State, Local, and Commercial organizations. With a remarkable history spanning 28 years, ISSI has made...",IT Services and IT Consulting,"Greenbelt, Maryland"
Ultimate Software,https://www.linkedin.com/company/ultimate-software/,,"Built from the merger of Ultimate Software & Kronos Inc, we are now UKG. We provide global #HCM, #payroll and #workforcemanagement solutions.",Software Development,"Weston, FL"
Quest Software,https://www.linkedin.com/company/quest-software/,,"At Quest Software, we help organizations build modern, trusted foundations for AI.  As a global leader in data management, cybersecurity, and platform modernization, we’ve spent decades supporting thousands of enterprises and public sector organizations, including over 90% of the Fortune 500. Our mission is to empower...",Software Development,"Austin, Texas"
Bosch Global Software Technologies,https://www.linkedin.com/company/bosch-global-software-technologies/,,"With our unique ability to offer end-to-end solutions that connect the three pillars of IoT - Sensors, Software, and Services, we enable businesses to move from the traditional to the digital, or improve businesses by introducing a digital element in their products and processes.  Now more than ever, companies across...",Software Development,"Bangalore, Karnataka"
CWI Software,https://www.linkedin.com/company/cwi-software/,,"Talvez você ainda não tenha se dado conta, mas a CWI pode já ser parte do seu cotidiano. Afinal, nossos projetos estão presentes em produtos e serviços consumidos mundialmente.  Sabe para quem entregamos Estratégia Digital e Engenharia de Software? Via, Arezzo & Co, Coca-Cola, Vivo, Renner, Grupo Big, FedEx...",Software Development,"Porto Alegre, RS"
RIB Software,https://www.linkedin.com/company/rib-software/,,...Software GmbH is a proud member of Schneider Electric.,Software Development,"Stuttgart, Baden-Württemberg"
Sonata Software,https://www.linkedin.com/company/sonata-software/,,"Sonata Software Limited is a leading Modernization engineering company, headquartered in Bangalore. Sonata provides modernization services using its proprietary Platformation™ approach. It specializes in cloud and data modernization, Microsoft Dynamics Modernization, Digital contact center setup and management...",IT Services and IT Consulting,"Bangalore, Karnataka"
AFAS Software,https://www.linkedin.com/company/afas-software/,,AFAS Software is a Dutch family-owned company that develops software products for businesses. With our application we strive to reduce administrative work as much as possible or make it a little less boring where we can. We believe our employees are our most valuable asset and it is their goal to make our 12.000...,Software Development,"Leusden, Utrecht"
Ceiba Software,https://www.linkedin.com/company/ceibasoftware/,,"Ceiba Software provides custom software services, helping clients solve complex technical challenges with comprehensive, value-add staff augmentation...",IT Services and IT Consulting,"Medellín, Antioquia"
Aranda Software,https://www.linkedin.com/company/aranda-software-corp/,,"Aranda Software es la compañía líder en soluciones de gestión de servicios empresariales en Latinoamérica, con más de 20 años de experiencia en ofrecer soluciones para el manejo empresarial de infraestructura tecnológica, alineadas a las mejores prácticas ITIL® (Aranda Suite V9.0 se encuentra certificada en 13...",IT Services and IT Consulting,"Bogotá, D.C."
Sigma Software Group,https://www.linkedin.com/company/sigma-software-group/,,"Sigma Software Group, an award-winning and trusted IT partner, has been serving customers for over 22 years, providing comprehensive IT solutions to various businesses, ranging from startups to established software product houses. As one of Europe's substantial IT consultancies, it brings together a dedicated...",Software Development,Stockholm
KeyValue Software Systems,https://www.linkedin.com/company/keyvaluesystems/,,"A premier global early-stage AI-first product development hub. KeyValue is the best delivery engine for product development in the Indian subcontinent – leveraging AI to deliver high-value software products and solutions across industries, geographies, and technologies. We are a 450+ engineering team...",Software Development,"Kochi, Kerala"
Talentica Software,https://www.linkedin.com/company/talentica/,,Talentica Software is an innovative product development company that helps startups and technology companies build their own products. We help technology companies transform their ideas into successful products by partnering in their roadmap from pre-funded startups to a profitable acquisition.  We have successfully...,Software Development,"Pune, Maharashtra"
Creative Software,https://www.linkedin.com/company/creativesoftware/,,A global technology enabler and Microsoft Gold Partner; we build and manage dedicated software development teams.,Software Development,Colombo
Contour Software,https://www.linkedin.com/company/contoursoftware/,,"Contour Software is a wholly owned subsidiary of Constellation Software Inc (CSI). CSI (http://www.csisoftware.com/) acquires, manages and builds market-leading software businesses that develop industry-specific, mission-critical enterprise software solutions to serve both the public and private sectors. Prior...",IT Services and IT Consulting,"Karachi, Sindh"
ELMO Software,https://www.linkedin.com/company/elmo-software/,,"AI-forward HR and payroll software powering 2,000+ organisations and one million end users across Australia & NZ.",Software Development,"Sydney, NSW"
Casino software development - Gambit Stream - Casino sportsbook sports betting software development,https://www.linkedin.com/company/gambit-stream/,,Casino software sportsbook casino gambling betting software development company,Software Development,"Kyiv, Kyiv"
Kaz Software,https://www.linkedin.com/company/kaz-software-limited/,,The power to make great software.,Software Development,"Dhaka, Dhaka"
Aspire Software,https://www.linkedin.com/company/aspire-software/,,Aspire Software is a global software investment company specializing in acquiring and growing vertical market software businesses. As an operating group...,Software Development,"Montreal, Quebec"
Absorb Software,https://www.linkedin.com/company/absorb-software/,,"Absorb Software is the leading global AI-driven learning platform provider, helping organizations unlock the full potential of their workforce. With its innovative Strategic Learning Systems (SLS) approach, Absorb empowers businesses to align learning with strategic goals, driving measurable impact and workforce...",E-learning,"Calgary, Alberta"
Lepton Software,https://www.linkedin.com/company/lepton-software/,,"Lepton Software is a pioneering force in geospatial intelligence, renowned for its innovative technology solutions tailored for the telecommunications...",IT Services and IT Consulting,"Gurgaon, Haryana"
Ericsson Software,https://www.linkedin.com/company/ericsson-software/,,Welcome to the exciting world of telecom software. Join the conversation!,Telecommunications,"Kista, Stockholm"
Rishabh Software,https://www.linkedin.com/company/rishabh-software/,,Custom Software Development Company,IT Services and IT Consulting,"Vadodara, Gujarat"
Universal Software,https://www.linkedin.com/company/universal-software/,,Intelligent Software Solutions.,IT System Custom Software Development,"Ahmedabad, Gujarat"
Critical Software,https://www.linkedin.com/company/critical-software/,,"At Critical Software, we believe our people are the core of who we are. Their talent, diversity, and ability to go beyond expectations shape everything...",Information Technology & Services,Coimbra
Prakhar Software Solutions Ltd.,https://www.linkedin.com/company/prakhar-software/,,"...projects, specialising in e-Governance initiatives. - Talent Acquisition & Staffing: Secure the right talent with our expertise. - Software Development & Web...",Information Technology & Services,"Delhi, Delhi"
Siemens PLM Software (inactive),https://www.linkedin.com/company/siemens-plm-software/,,"Siemens Digital Industries Software is driving transformation to enable a digital enterprise where engineering, manufacturing and electronics design meet tomorrow. Our solutions help companies of all sizes create and leverage digital twins that provide organizations with new insights, opportunities and levels...",Software Development,"Plano, TX"
Check Point Software,https://www.linkedin.com/company/check-point-software-technologies/,,"Check Point Software Technologies Ltd. is a leading protector of digital trust, utilizing AI-powered cyber security solutions to safeguard over 100,000 organizations globally. Through its Infinity Platform and an open garden ecosystem, Check Point’s prevention-first approach delivers industry-leading security efficacy...",Computer and Network Security,"Redwood City, California"
First Line Software,https://www.linkedin.com/company/first-line-software-inc/,,"We build custom software that moves industries forward. The global First Line Software team works across healthcare, real estate, and other data-rich industries to design, build, and run solutions that make a real impact.  We solve complex business challenges with scalable technology, combining deep expertise...",IT System Custom Software Development,"Cambridge, Massachusetts"
SoftExpert - Software for Excellence,https://www.linkedin.com/company/softexpert-software/,,"All-in-one software for managing digital transformation, innovation, and compliance.",Software Development,"Orlando, Florida"
Rocket Software,https://www.linkedin.com/company/rocket-software/,,"As a global technology leader, Rocket Software is the partner of choice for organizations transforming their IT from core systems to the cloud. We are trusted...",IT Services and IT Consulting,"Waltham, MA"
Folio3 Software,https://www.linkedin.com/company/folio3/,,"Folio3 is a California based software development company that helps entrepreneurs and large corporations build innovative, world class software solutions by providing offshore application development and support.    We specialize in Enterprise Applications, Mobile Apps & Games, Websites & Web based Applications...",Software Development,"San Mateo, California"
Python Software Foundation,https://www.linkedin.com/company/thepsf/,,The Python Software Foundation is the non-profit organization behind the Python programming language.,Software Development,"Beaverton, OR"
Greenhouse Software,https://www.linkedin.com/company/greenhouse-inc-/,,"Greenhouse is the all-together hiring platform, giving companies of all sizes everything they need to hire better. Our software provides comprehensive...",Software Development,"New York, New York"
The Apache Software Foundation,https://www.linkedin.com/company/the-apache-software-foundation/,,"The global home for open source software, powering some of the world’s most ubiquitous software projects.",Software Development,"Wilmington, Delaware"
Redwood Software,https://www.linkedin.com/company/redwood-software/,,"Redwood Software is the leader in automation fabric solutions for mission-critical business processes. With the first SaaS-based composable automation platform specifically built for ERP, we believe in the transformative power of automation. Our unparalleled solutions empower organizations to orchestrate, manage...",Software Development,"Frisco, Texas"
Brightly Software,https://www.linkedin.com/company/brightlysoftware/,,"Brightly Software, a Siemens company, enables organizations to manage the entire lifecycle of their assets, facilities and infrastructure. As the global leader in intelligent asset management solutions for more than 25 years, Brightly’s sophisticated cloud-based platform is expertly designed to improve capital...",Software Development,"Raleigh, North Carolina"
Aurigo Software Technologies,https://www.linkedin.com/company/aurigo-software-technologies/,,"Aurigo builds software that helps build the world. Aurigo provides AI-powered, cloud-based solutions designed to help capital infrastructure and private owners plan with confidence, build with quality, and manage assets efficiently. With more than $450 billion of capital programs under management, Aurigo’s solutions...",Software Development,"Austin, Texas"
TALENT Software Services,https://www.linkedin.com/company/talent-software-services/,,"TALENT Software Services is a Service Disabled Veteran-Owned Small Business (SDVOSB) providing the best IT Consulting and Professional Services nationwide for over 35 years. We are one of the most trusted partners for delivery of Project, Data Management, Application, and Infrastructure Services,  TALENT staffs...",IT Services and IT Consulting,"St. Paul, Minnesota"
"Miracle Software Systems, Inc",https://www.linkedin.com/company/miraclesoft/,,"Miracle Software Systems is a global IT services company that has been consistently delivering true value for businesses for the past 29 years. We're here, across the world, with top talent and innovative solutions to optimize and transform your businesses to high-performance platforms, thus enabling digitization...",Information Technology & Services,"Novi, Michigan"
MSC Software,https://www.linkedin.com/company/msc-software/,,"MSC Software, part of Hexagon’s Manufacturing Intelligence division, is one of the ten original software companies and a global leader in helping product manufacturers to advance their engineering methods with simulation software and services.   At Hexagon, we don’t just measure the world – we define its future...",Software Development,"Newport Beach, CA"
Kastech Software Solutions Group,https://www.linkedin.com/company/kastech-software-solutions-group/,,"Kastech Software Solutions Group, incorporated in 2007 and headquartered in Richmond, Texas, is a leading global IT services and consulting company delivering technology-driven solutions to organizations across industries. With offices across North America, APAC, Latin America, the Middle East, and Australia...",IT Services and IT Consulting,"Richmond, Texas"
Scadea Software Solutions,https://www.linkedin.com/company/scadea-software-solutions/,,"Scadea Software Solutions has established itself as a global provider of Consulting, and Outsourcing services.",IT Services and IT Consulting,"Princeton, New Jersey"
MAQ Software,https://www.linkedin.com/company/maq-software/,,"MAQ Software enables leading companies to accelerate their Data and AI  initiatives. Our solutions enable clients to improve their productivity, reduce costs...",Information Technology & Services,"Redmond, Washington"
Primus Software Corporation,https://www.linkedin.com/company/primus-software-corp./,,"Primus Software Corporation, a leading software services company with over 29 years of industry experience, is a trusted Business & Technology Partner...",IT Services and IT Consulting,"Duluth, Georgia"
RS Software,https://www.linkedin.com/company/rs-software/,,RS Software delivers trust in payments through products and platforms that power some of the world’s most advanced digital payment ecosystems. With offices...,IT Services and IT Consulting,"Milpitas, California"
Netlink Software Group America Inc,https://www.linkedin.com/company/netlinksolutions/,,"...the globe. Our digital transformational business solutions include Automation, ERP Services, BI & Analytics Services, Software Factory as a Service, Artificial...",IT Services and IT Consulting,"Madison Heights, Michigan"
id Software,https://www.linkedin.com/company/id-software/,,"id Software is looking for talented individuals to join our team at our offices in Richardson, TX and Frankfurt, Germany",Computer Games,
BMC Software,https://www.linkedin.com/company/bmc-software/,,,IT Services and IT Consulting,"Houston, Texas"
ISTQB® - International Software Testing Qualifications Board,https://www.linkedin.com/company/istqb/,,ISTQB® is the leading global certification scheme in the field of software testing with over 1 million exams worldwide.,Software Development,
LEAP Legal Software,https://www.linkedin.com/company/leap-legal-software/,,"LEAP is an international leader in client-first legal software. We’re powered by a global team of technological innovators and legal experts, supporting firms across the United States, Canada, United Kingdom, Australia, and New Zealand. Our all-in-one productivity platform empowers legal professionals worldwide...",Software Development,"Sydney, NSW"
Bosch Global Software Technologies Vietnam,https://www.linkedin.com/company/bosch-global-software-technologies-vietnam/,,"Bosch Global Software Technologies Vietnam (BGSW) is a 100% owned subsidiary of Robert Bosch GmbH - one of the world’s leading supplier of technology and services. Founded in 2010 at Ho Chi Minh City, BGSW Vietnam is the first software development center of Bosch in the South East Asia. BGSW Vietnam provides solutions...",IT Services and IT Consulting,"Ho Chi Minh City, Tan Binh"
Art Technology and Software,https://www.linkedin.com/company/art-technology-and-software-india-pvt-ltd/,,"Art Technology and Software is a reliable digital transformation company with a successful track record across Artificial Intelligence, Data Analytics, and Digital Transformation. With 20+ years of excellence, 1000+ successful projects, and customers in 20+ countries, we help organizations innovate at scale...",IT Services and IT Consulting,"Kochi, Kerala"
CG-VAK Software & Exports Ltd.,https://www.linkedin.com/company/cg-vak-software-&-exports-ltd/,,"CG-VAK Software is a leading offshore software development company with 30 years of industry experience, serving clients across the USA, UK, Canada, Europe, Australia, Singapore, and South Africa. With a team of 525+ skilled professionals, we deliver innovative, Software product engineering solutions, Custom software...",IT Services and IT Consulting,"Coimbatore, Tamil Nadu"
SOC - Software Integrado de Gestão Ocupacional,https://www.linkedin.com/company/socgestaosst/,,SOC is the largest and most complete 100% online Integrated Occupational Management Software in Brazil!,Software Development,"Santos, São Paulo"
Profile Software Services,https://www.linkedin.com/company/profile-software-services/,,"Profile Software Services is a software architecture and development company, made up of more than 140 people, experts in Software Architecture, Web and Mobile Developement, Cloud Computing, APIs and UX  Based in Madrid, Barcelona and Seville, we help organizations in their path to digital transformation...",IT Services and IT Consulting,"Madrid, Comunidad de Madrid"
Siemens Digital Industries Software,https://www.linkedin.com/company/siemenssoftware/,,"We help organizations of all sizes digitally transform using software, hardware and services from the Siemens Xcelerator business platform. Our software and the comprehensive digital twin enable companies to optimize their design, engineering and manufacturing processes to turn today's ideas into the sustainable...",Software Development,"Plano, Texas"
Veeam Software,https://www.linkedin.com/company/veeam-software/,,,Software Development,"Seattle, WA"
Sonatafy Technology | Nearshore Software Development,https://www.linkedin.com/company/sonatafy/,,NEARSHORE SOFTWARE DEVELOPMENT. Gain access to the top 1% of English speaking Software Engineers in Latin America.,Software Development,"Scottsdale, Arizona"
Pharos Production - web3 software development,https://www.linkedin.com/company/pharos-production-web3-software-development/,,Web3 Blockchain DeFi FinTech software development,Software Development,"Las Vegas, Nevada"
IBS Software,https://www.linkedin.com/company/ibssoftware/,,"IBS Software is a leading SaaS solutions provider to the travel industry globally, managing mission-critical operations for customers in the aviation, tour...",Software Development,Singapore
IRIS Software Group,https://www.linkedin.com/company/iris-software-group/,,"IRIS Software Group is a leading business software and services provider, one of the UK’s largest privately held software companies. We help organisations to make better business decisions by developing integrated software solutions to minimise admin, make business processes more efficient and give more time...",Software Development,"Slough, Berkshire"
Metacube Software Pvt Ltd,https://www.linkedin.com/company/metacube/,,"...client focus, ensuring that each engagement is a success and provides the desired value to the client.    Metacube has software product engineering services as a key...",Software Development,"Jaipur, Rajasthan"
Belzabar Software Design India Private Limited,https://www.linkedin.com/company/belzabar-software-design-india-private-limited/,,"Every day, millions of people use software Belzabar has created. Belzabar Software creates Web and mobile-based products on behalf of a remarkable client base...",Software Development,New Delhi
QSpiders - Software Testing Training Institute,https://www.linkedin.com/company/qspiders/,,QSpiders is No.1 software testing training institute in India with a view to bridge the gap between industry requirement and curriculum of educational institutions and also to meet the ever increasing demand for Quality IT professional. The institute is designed to work as a ‘Finishing School’ and is moulded...,"Bangalore, Karnataka",
Constellation Software Inc.,https://www.linkedin.com/company/constellation-software-inc./,,"Constellation Software is an international provider of market leading software and services to a select number of industries, both in the public and private sectors. Our mission is to acquire, manage and build market-leading software businesses that develop specialized, mission-critical software solutions to address...",Software Development,"Toronto, ON"
FPT Software,https://www.linkedin.com/company/fpt-software/,,"FPT Software, a subsidiary of FPT Corporation, is a global technology and IT services provider headquartered in Vietnam, with USD 1.22 billion in revenue (2024) and over 33,000 employees in 30 countries.   Embracing an AI-first approach, FPT Software enables breakthrough speed, scalability and quality through AI...",IT Services and IT Consulting,Hanoi
Pranathi Software Services Pvt. Ltd,https://www.linkedin.com/company/pranathi-software-services-pvt-ltdd/,,"Pranathi Software Services is a leading provider in AI and ML services, web development, chatbot development, natural language processing (NLP), and deep learning. Specializing in crafting innovative solutions, the company is dedicated to delivering customized software solutions. We harness the capabilities...",Software Development,"Begumpet, Hyderabad, Telangana"
NEC Software Solutions,https://www.linkedin.com/company/necsws/,,"Innovation when it matters most. We build software and services that help keep people safer, healthier, and better connected worldwide.   Our customers...",IT Services and IT Consulting,Hemel Hempstead
Nice Software Solutions Pvt. Ltd.,https://www.linkedin.com/company/nice-software-solutions/,,"Nice Software Solutions – An idea over a coffee transformed into a bold vision. In 2008, NSS began with a simple yet powerful vision: to help businesses unlock...",IT Services and IT Consulting,"Nagpur, Maharashtra"
FPT Software Career,https://www.linkedin.com/company/fptsoftwarecareer/,,"FPT Software Career is the official recruitment channel of FPT Software, dedicated to connecting talented professionals with impactful technology careers.  FPT Software, a subsidiary of FPT Corporation, stands as a global technology leader - recognized as the Largest IT Services Company in Fortune 500 SEA. We harness...",IT Services and IT Consulting,Ha Noi
TekIT Software Solutions Pvt. Ltd. (India & USA),https://www.linkedin.com/company/tekit-softwares/,,"TekIT delivers smart AI/ML solutions to solve real business challenges—enabling predictive insights, automation, and better decision-making for optimized performance.  IT Staff Augmentation & software solution | Digital Transformation  TekIT Software Solutions is a premier IT services and staff augmentation company...",IT Services and IT Consulting,"Indore, Madhya Pradesh"
ESDS Software Solution Limited,https://www.linkedin.com/company/esdsdc/,,"ESDS Software Solution Limited begin its operations in 2005 from Nashik. ESDS Software Solution Limited is a leading player offering end-to-end in the cloud, managed services, Data Centre infrastructure and software solutions in India. ESDS Software Solution Limited operations are supported by a dedicated team...",IT Services and IT Consulting,"Nashik, Maharashtra"
InfyStrat Software Services,https://www.linkedin.com/company/infystrat-software-services/,,"InfyStrat Software Services is an IT Strategic partner for global organizations looking to strategically transform, grow, and lead in today’s challenging business environment.InfyStrat being a global leader in  IT services, digital, business solutions, consulting, technology, outsourcing, and next-generation services...",IT Services and IT Consulting,"Johannesburg, Gauteng"
Toshiba Software (India) Pvt. Ltd.,https://www.linkedin.com/company/toshiba-software-india-pvt-ltd/,,"Toshiba Software (India) Pvt. Ltd., (TSIP) is a wholly-owned subsidiary of Toshiba Corporation, Japan. Since our inception in the year 2002, we have been standing at the forefront of cutting-edge technologies by providing competitive and innovative software solutions to enable our customers in achieving and sustaining...",Information Technology & Services,"Bangalore, Karnataka"
Midtown Software,https://www.linkedin.com/company/midtownsoftware/,,Innovative Software That Changes Lives!,IT Services and IT Consulting,"Mohali, Punjab"
Global Software Solutions Group,https://www.linkedin.com/company/gssgroups/,,"Global Software Solutions Group Veracious product line is a series of robust banking platforms that provide core banking, payment systems, custom process...",IT Services and IT Consulting,"Dubai Internet City,, Dubai"
Embee Software,https://www.linkedin.com/company/embee-software/,,"Since more than 35+ years, Embee Software has been enabling more than 2500+ organizations transform with technology in a digital, mobile-first, data-driven world. Embee Software specialises in Cloud Technologies, Business Intelligence solutions, new-age Collaboration, Mobility, and Security solutions, along...",IT Services and IT Consulting,"Mumbai, Maharashtra"
Axiom Software Solutions Limited,https://www.linkedin.com/company/axiomsoftwaresolutions/,,"...our strengths to offer world-class solutions and services through the convergence of technology, innovation, expertise and experience. We provide software consulting...",IT Services and IT Consulting,"London, Middlesex"
Pakistan Software Export Board (PSEB),https://www.linkedin.com/company/pseb/,,"The Government of Pakistan, realizing the importance of the IT industry in the development of a country’s economy, founded Pakistan Software Export Board in 1995 to bolster the IT Sector of Pakistan by extending all possible help to prospective foreign/domestic investors and to software companies operating in Pakistan...",IT Services and IT Consulting,Islamabad
"Delta System & Software, Inc.",https://www.linkedin.com/company/delta-ssi/,,"Delta System & Software, Inc. is one of the fastest growing IT service companies in the United States. We have presence in three country USA, Canada and India and expanding our operation in Middle East and Europe.  We are leading providers of ERP, e-Business solutions and offering a full range of SAP Services...",IT Services and IT Consulting,
TestCrew | Quality Engineering & Software Testing,https://www.linkedin.com/company/the-testcrew/,,We provide confidence and feedback to build solutions that users love • Specialties: software testing,IT Services and IT Consulting,Riyadh
QA InfoTech - Your Software Testing Partner,https://www.linkedin.com/company/qualitestnoida/,,QA InfoTech is now Qualitest • Specialties: Software Quality Assurance,IT Services and IT Consulting,"Noida, UP"
GE Vernova's Grid Software,https://www.linkedin.com/company/gevernova-grid-software/,,"Grid Software, part of GE Vernova's Electrification Software business, provides utilities with GridOS® orchestration software that accelerates...",Software Development,"Cambridge, Massachusetts"
GE Vernova's Proficy® Software & Services,https://www.linkedin.com/company/gevernova-proficy-software/,,"GE Vernova’s Proficy® Software & Services empower teams, illuminating the path to a greener, more profitable future. Our proven industrial software accelerates...",Software Development,"Cambridge, Massachusetts"
Sopra HR Software,https://www.linkedin.com/company/soprahr/,,"Sopra HR Software, leader en solutions et services pour la paie et les RH, répond aux enjeux des Directions des Ressources Humaines des organisations de moyennes et grandes tailles, des secteurs d’activités public et privé.   Spécialiste de la Paie, du Talent Management et du pilotage des RH, dans un contexte local et...",Human Resources Services,"Courbevoie, Île-de-France"
Sony India Software Centre,https://www.linkedin.com/company/sonyindiasoftwarecentre/,,"Sony India Software Centre Private Limited (SISCPL) was set up as a subsidiary of Sony India in the year 1997. Primarily set-up to drive embedded software development, application development, and support, it has been offering cost-effective, high-quality solutions to Sony Group of Companies, worldwide...",IT Services and IT Consulting,"Bengaluru, Karnataka"
TCS Digital Software & Solutions,https://www.linkedin.com/company/tcs-digital-software-solutions-group/,,"TCS Digital Software & Solutions is a Strategic Growth Business within TCS, helping large businesses navigate critical digital transformations with modular, scalable, and fully integrated industry-tailored licensed software and solutions.   TCS Digital Software & Solutions (DS&S) delivers on the promise of connected...",IT Services and IT Consulting,"Mumbai, Maharashtra"
Undercover-Software.com®,https://www.linkedin.com/company/undercover-software/,,🛰 ʟɪɴᴋᴇᴅɪɴ ꜱᴘᴀᴄᴇ ɴᴇᴛᴡᴏʀᴋ - #Space #SpaceTourism  #MachineLearning #ArtificialIntelligence #Culture #Music #Art #Video,Space Research and Technology,"Colorado Springs, Colorado"
Guidewire Software,https://www.linkedin.com/company/guidewire-software/,,"Engage, Innovate, Grow Efficiently",Software Development,"San Mateo, California"
APPIT Software Inc,https://www.linkedin.com/company/appitsoftware/,,Empowering Businesses with AI-Driven IT & Cloud Solutions!,Software Development,"Lewes, Delaware, USA"
OneStream Software,https://www.linkedin.com/company/onestream-software/,,A comprehensive cloud-based platform to modernize the Office of the CFO.,Software Development,"Birmingham, MI"
Veracity Software Inc,https://www.linkedin.com/company/veracitysoftwareinc/,,Trusted Name in IT & Healthcare,Information Technology & Services,"Iselin, New Jersey"
United Software Group Inc,https://www.linkedin.com/company/united-software-group-inc/,,IT Consulting | Talent Acquisition | IT & Engineering Solutions Provider,IT Services and IT Consulting,"Dublin, Ohio"
"Baanyan Software Services, Inc.",https://www.linkedin.com/company/baanyan-software-services-inc-/,,,IT Services and IT Consulting,"Edison, New Jersey"
Sapphire Software Solutions Inc,https://www.linkedin.com/company/sapphiresoftwaresolutionsinc/,,Technology Delivered.,Information Technology & Services,"Ashburn, Virginia"
Vermeg for Banking & Insurance Software,https://www.linkedin.com/company/vermeg/,,"Vermeg is a leading provider of specialized software solutions for the financial services industry. With over 30 years of expertise, VERMEG is covering three main market segments in financial services: Banking, Capital Markets, and Insurance.  We serve over 160 global banks, including 23 central banks, major...",IT Services and IT Consulting,AMSTERDAM
Enterprise Software,https://www.linkedin.com/company/skills-enterprise-software/,,Perspectives from experts about the questions that matter in Enterprise Software,,
Embedded Software,https://www.linkedin.com/company/skills-embedded-software/,,Perspectives from experts about the questions that matter in Embedded Software,,
ERP Software,https://www.linkedin.com/company/skills-erp-software/,,Perspectives from experts about the questions that matter in ERP Software,,
"Perseus Group, Constellation Software",https://www.linkedin.com/company/perseus-group-constellation-software-inc/,,"...their business.”   -Mark Leonard, President, Constellation Software Inc.  --  Perseus Group is a global acquirer of vertical market software businesses and one of six operating groups within Constellation Software Inc. (TSX: CSU). Since 1995, our M&A experts have completed over 1,000 acquisitions.  Driven by our buy...",Software Development,"Markham, ON"
GE Vernova's Power & Energy Resources Software,https://www.linkedin.com/company/gevernova-power-software/,,"Software to produce energy more efficiently, safely and sustainably.",Software Development,"Cambridge, Massachusetts"
Digitise My Business - Software Development Company,https://www.linkedin.com/company/digitise-my-business-today/,,"At Digitise My Business, we believe in the power of digital transformation to revolutionize traditional businesses. Established with a vision to bridge the gap between legacy practices and modern technology, we specialize in providing innovative software solutions tailored to meet the evolving needs of today's...",IT System Custom Software Development,
Newgen Software,https://www.linkedin.com/company/newgen/,,Newgen is the leading provider of an AI-first unified digital transformation platform.,Software Development,"New Delhi, Delhi"
Odeon Software & Technology,https://www.linkedin.com/company/odeonsoftwaretechnology/,,"Turizmi teknolojiyle buluşturuyor, geleceği tasarlıyoruz.",Software Development,"istanbul, Sarıyer"
Prospecta Software,https://www.linkedin.com/company/prospecta-software/,,Clean Core Clean Data,Software Development,"Sydney, NSW"
Pharmacovigilance software and safety database,https://www.linkedin.com/company/sarjen-pharmacovigilance/,,"AI-Enabled End-to-End Solution for Pharmacovigilance and Safety Database, Backed by Expert Data Migration Capabilities",Software Development,Ahmedabad
NEC Software Solutions (India),https://www.linkedin.com/company/necsws-india/,,Orchestrating a brighter world,IT Services and IT Consulting,MUMBAI
Mindstix Software Labs,https://www.linkedin.com/company/mindstix-software-labs-private-limited/,,Bolder Future. Designed and Engineered.,IT Services and IT Consulting,"Pune, Maharashtra"
Trigent Software - Professional Services,https://www.linkedin.com/company/trigent-professional-services/,,Building A-Teams for GCCs in India,Business Consulting and Services,"Bangalore, Karnataka"
Palmira Software House,https://www.linkedin.com/company/palmirasoftwarehouse/,,Empowering Business Transformation,IT Services and IT Consulting,"Dubai, Business Bay"
Siemens EDA (Siemens Digital Industries Software),https://www.linkedin.com/company/siemens-eda/,,"Siemens EDA, a segment of Siemens Digital Industries Software, is a technology leader in software and hardware for electronic design automation (EDA). Siemens EDA offers proven software tools and industry-leading technology to address the challenges of design and system level scaling, delivering more predictable...",Software Development,
Project Management Software,https://www.linkedin.com/company/skills-project-management-software/,,Perspectives from experts about the questions that matter in Project Management Software,,
Iteris Consultoria e Software,https://www.linkedin.com/company/iteris-consultoria-e-software/,,We are Globant!,IT Services and IT Consulting,"Sao Paulo, SP"
ORACLE FINANCIAL SERVICES SOFTWARE LIMITED,https://www.linkedin.com/company/oracle-financial-services-software-limited/,,We have moved! Please follow Oracle Financial Services showcase page.,Financial Services,"MUMBAI, Maharashtra"
GE Digital,https://www.linkedin.com/company/ge-digital/,,"At GE Digital, our focus is clear: delivering software that accelerates a new era of energy. We deliver software that accelerates electrification...",Software Development,"San Ramon, California"
General Motors,https://www.linkedin.com/company/general-motors/,,"Amazing people make amazing products. And together, we build the one for every person, purpose and journey • Specialties: software",Motor Vehicle Manufacturing,"Detroit, Michigan"
Microsoft,https://www.linkedin.com/company/microsoft/,,Specialties: Business Software,Software Development,"Redmond, Washington"
IBM,https://www.linkedin.com/company/ibm/,,"At IBM, we do more than work. We create. We create as technologists, developers, and engineers. We create with our partners. We create with our competitors. If you're searching for ways to make the world work better through technology and infrastructure, software and consulting, then we want to work...",IT Services and IT Consulting,"Armonk, New York, NY"
Cisco,https://www.linkedin.com/company/cisco/,,We securely connect everything to make anything possible • Specialties: Software,Software Development,"San Jose, CA"
Oracle,https://www.linkedin.com/company/oracle/,,"We’re a cloud technology company that provides organizations around the world with computing infrastructure and software to help them innovate, unlock efficiencies and become more effective. We also created the world’s first – and only – autonomous database to help organize and secure our customers’ data.   Oracle...",IT Services and IT Consulting,"Austin, Texas"
Foxconn,https://www.linkedin.com/company/foxconn/,,"Established in Taiwan in 1974, Hon Hai Technology Group (Foxconn) (2317: Taiwan) is the world’s largest electronics manufacturer. Foxconn is also the leading technological solution provider, and it continuously leverages its expertise in software and hardware to integrate its unique manufacturing systems with emerging...","Appliances, Electrical, and Electronics Manufacturing",
Lenovo,https://www.linkedin.com/company/lenovo/,,"...and software defined infrastructure), software, solutions, and services. Lenovo’s continued investment in world-changing innovation is building...",IT Services and IT Consulting,"Morrisville, NC"
BMW Group,https://www.linkedin.com/company/bmw-group/,,"We make individual mobility more human, more intelligent and more responsible • Specialties: Software Development",Motor Vehicle Manufacturing,Munich
Northrop Grumman,https://www.linkedin.com/company/northrop-grumman-corporation/,,Specialties: software engineering,Defense and Space Manufacturing,"Falls Church, VA"
Google,https://www.linkedin.com/company/google/,,Specialties: software,Software Development,"Mountain View, CA"
Bosch,https://www.linkedin.com/company/bosch/,,"...regions and industries strengthens its innovativeness and robustness. Bosch uses its proven expertise in sensor technology, software, and services to offer...",Software Development,"Gerlingen-Schillerhöhe, Baden-Wuerttemberg"
SLB,https://www.linkedin.com/company/slbglobal/,,"Specialties: Sand Control, Software","Technology, Information and Internet","Houston, Texas"
Xerox,https://www.linkedin.com/company/xerox/,,"Xerox has been redefining the workplace experience for over a century.   As a services-led, software-enabled company, we power today’s hybrid workplace through advanced print, digital, and AI-driven technologies. In 2025, Xerox acquired Lexmark—expanding our global footprint, strengthening service capabilities...",Business Consulting and Services,"Norwalk, Connecticut"
Schneider Electric,https://www.linkedin.com/company/schneider-electric/,,"...performance, resilience, and sustainability. The portfolio includes intelligent devices, software-defined architectures, AI-powered systems, digital services...",Automation Machinery Manufacturing,"Rueil Malmaison, Paris"
VMware,https://www.linkedin.com/company/vmware/,,"Broadcom's VMware software manages cloud complexity so customers can modernize infrastructure, accelerate app development, and protect workloads, wherever these reside.  Our flagship cloud solutions provide the security and performance of private cloud combined with the scale and agility of public cloud. Modern app...",Software Development,"Palo Alto, CA"
Adobe,https://www.linkedin.com/company/adobe/,,Changing the world through digital experiences • Specialties: Software,Software Development,"San Jose, CA"
Bloomberg,https://www.linkedin.com/company/bloomberg/,,Specialties: Software Engineering,Financial Services,"New York, NY"
Jacobs,https://www.linkedin.com/company/jacobs/,,Specialties: Software Engineering,Business Consulting and Services,"Dallas, TX"
Booz Allen Hamilton,https://www.linkedin.com/company/booz-allen-hamilton/,,Specialties: Software Development,IT Services and IT Consulting,"McLean, VA"
Autodesk,https://www.linkedin.com/company/autodesk/,,"...blockbusters, Autodesk software helps our customers design and make a better world for all.  Over 100 million people use Autodesk software, like AutoCAD, Revit, Maya, 3ds Max, Fusion 360, SketchBook, and more, to unlock their creativity and solve important design, business, and environmental challenges. Our software runs...",Software Development,"San Francisco, CA"
HubSpot,https://www.linkedin.com/company/hubspot/,,"HubSpot is a leading CRM platform that provides software and support to help businesses grow better. Our platform includes marketing, sales, service, and website management products that start free and scale to meet our customers’ needs at any stage of growth. Today, thousands of customers around the world use...",Software Development,"Cambridge, Massachusetts"
Emerson,https://www.linkedin.com/company/emerson/,,Specialties: Software,Automation Machinery Manufacturing,"St Louis, Missouri"
NASA - National Aeronautics and Space Administration,https://www.linkedin.com/company/nasa/,,Explore the universe and discover our home planet with the official NASA page on LinkedIn • Specialties: Software,Aviation and Aerospace Component Manufacturing,"Washington, DC"
Whole Foods Market,https://www.linkedin.com/company/whole-foods-market/,,Nourishing people and the planet • Specialties: software development,Retail,"Austin, TX"
FICO,https://www.linkedin.com/company/fico/,,FICO is an analytics company helping businesses make better decisions that drive higher levels of growth and success • Specialties: B2B Enterprise Software,Software Development,"Bozeman, Montana"
Epic,https://www.linkedin.com/company/epic1979/,,"Join us in our mission to help the world get well, help the world stay well, and help future generations be healthier.  We hire smart and motivated people from all academic majors to code, test, and implement healthcare software that hundreds of millions of patients and doctors rely on to improve care and ultimately...",Software Development,"Verona, WI"
Sony Electronics,https://www.linkedin.com/company/sony-electronics/,,"Fill the world with emotion, through the power of creativity and technology • Specialties: Consumer Software",Computers and Electronics Manufacturing,San Diego - US | Tokyo - JP
Broadcom,https://www.linkedin.com/company/broadcom/,,Specialties: Software,Semiconductor Manufacturing,"Palo Alto, California"
ZF Group,https://www.linkedin.com/company/zf-group/,,Specialties: Software,Motor Vehicle Parts Manufacturing,"Friedrichshafen, Baden-Württemberg"
Kohl's,https://www.linkedin.com/company/kohls-department-stores/,,It’s no secret that our associates love #LifeAtKohls and we know you will too • Specialties: Software Engineers,Retail,"Menomonee Falls, Wisconsin"
Ness Digital Engineering,https://www.linkedin.com/company/ness-ses/,,"Ness Digital Engineering is a global provider of Intelligent Data and Software Engineering services, specializing in data, AI, and cloud-powered solutions that drive innovation and deliver measurable business outcomes. With over 25 years of engineering expertise and our proprietary data and software platforms...",Software Development,"New York, NY"
EPAM Systems,https://www.linkedin.com/company/epam-systems/,,"Since 1993, EPAM Systems, Inc. (NYSE: EPAM) has used its software engineering expertise to become a leading global provider of digital engineering, cloud...",IT Services and IT Consulting,"Newtown, PA"
NetSuite,https://www.linkedin.com/company/netsuite/,,Business Grows Here • Specialties: Financial Software,Software Development,"Austin, TX"
Pandora,https://www.linkedin.com/company/pandora/,," • Specialties: Software",Software Development,"Oakland, CA"
Experis,https://www.linkedin.com/company/experis/,,"Fueled by Passion, Measured by Impact • Specialties: Software and Cloud Engineering",IT Services and IT Consulting,"Milwaukee, WI"
Synopsys Inc,https://www.linkedin.com/company/synopsys/,,Our Technology.  Your Innovation • Specialties: Computer Software,Software Development,"Sunnyvale, California"
Motorola Solutions,https://www.linkedin.com/company/motorolasolutions/,,Motorola Solutions | Solving for safer • Specialties: Public Safety Software,Telecommunications,"Chicago, IL"
Domo,https://www.linkedin.com/company/domotalk/,,The AI and Data Products Platform • Specialties: Software,Software Development,"American Fork, UT"
Esri,https://www.linkedin.com/company/esri/,,"Esri is the global market leader in geographic information system (GIS) software, location intelligence, and mapping. Since 1969, we have supported customers with geographic science and geospatial analytics, what we call The Science of Where. We take a geographic approach to problem-solving, brought to life by modern...",Software Development,"Redlands, CA"
Sutherland,https://www.linkedin.com/company/sutherland-global/,,We are a leading global business and digital transformation partner. We work with iconic brands worldwide • Specialties: software as a service,IT Services and IT Consulting,"Pittsford (Rochester), NY"
Strategy,https://www.linkedin.com/company/strategy/,,"Strategy (Nasdaq: MSTR) is the first and largest Bitcoin treasury company, and the leading provider of universal semantic layer and AI+BI software...",Software Development,"Tysons Corner, VA"
Thoughtworks,https://www.linkedin.com/company/thoughtworks/,,"Global tech consultancy blending design, engineering and AI to help businesses thrive through innovation • Specialties: Software Defined Vehicles",Information Technology & Services,"Chicago, IL"
Valve corporation,https://www.linkedin.com/company/valve-corporation/,,"Valve is an entertainment software and technology company founded in 1996 and based in Bellevue, Washington. The company’s debut title, Half-Life, has won over 50 Game of the Year Awards and was named ""Best PC Game Ever""​ in the November 1999, October 2001, and April 2005 issues of PC Gamer, the world's best-selling...",Computer Games,"Bellevue, WA"
Mentor Graphics,https://www.linkedin.com/company/mentor_graphics/,,"Mentor Graphics® was a technology leader in electronic design automation (EDA), providing software and hardware design solutions that enable companies to develop better electronic products faster and more cost-effectively, that is now a part of the Siemens Digital Industries Software portfolio. https...",Software Development,"Wilsonville, OR"
Symphony Teleca,https://www.linkedin.com/company/symphony-teleca/,,"...and infotainment systems; enterprise automation solutions; and software services. With leading brands including AKG®, Harman Kardon®, Infinity®, JBL®, Lexicon®, Mark...",IT Services and IT Consulting,"Mountain View, CA"
ADP,https://www.linkedin.com/company/adp/,,Always Designing for People,Human Resources Services,"Roseland, New Jersey"
The Reynolds and Reynolds Company,https://www.linkedin.com/company/the-reynolds-and-reynolds-company/,,"Founded in Dayton, Ohio in 1866, Reynolds and Reynolds is a leading provider of automobile dealership software, services, and forms to help dealerships deliver better results and transform the customer experience.   Reynolds and Reynolds is headquartered in Dayton, Ohio, with major U.S. operations in Houston...",Software Development,"Dayton, OH"
The Associated Press,https://www.linkedin.com/company/associated-press/,,Advancing the power of facts. News and services that expand the reach of factual reporting • Specialties: Newsroom production software,Media Production,"New York, NY"
Cadence,https://www.linkedin.com/company/cadence/,,"Cadence is a market leader in AI and digital twins, pioneering the application of computational software to accelerate innovation in the engineering design of silicon to systems. Our design solutions, based on Cadence’s Intelligent System Design™ strategy, are essential for the world’s leading semiconductor...",Software Development,"San Jose, California"
American Eagle Outfitters Inc.,https://www.linkedin.com/company/american-eagle-outfitters/,,An iconic heritage of beloved brands and passionate people • Specialties: Software Development,Retail,"Pittsburgh, PA"
SAS,https://www.linkedin.com/company/sas/,,"SAS is a global leader in data and AI. With SAS software and industry-specific solutions, organizations transform data into trusted decisions. SAS gives you THE POWER TO KNOW®.",Software Development,"Cary, NC"
Bentley Systems,https://www.linkedin.com/company/bentley-systems/,,"Around the world, infrastructure professionals rely on software from Bentley Systems to help them design, build, and operate better and more resilient...",Software Development,"Exton, PA"
Sandisk,https://www.linkedin.com/company/sandisk/,,Specialties: Enterprise Software,Semiconductor Manufacturing,"Milpitas, CA"
Johnson Controls,https://www.linkedin.com/company/johnson-controls/,,"..., our comprehensive digital offering.    Today, Johnson Controls offers the world`s largest portfolio of building technology and software as well as service solutions...",Industrial Machinery Manufacturing,"Cork, Ireland"
NI (National Instruments),https://www.linkedin.com/company/niglobal/,,"...excellence, and sustainability. In this new chapter, we’ll build on our legacy and leadership in software-connected, automated test and measurement systems...","Appliances, Electrical, and Electronics Manufacturing","Austin , Texas"
Pegasystems,https://www.linkedin.com/company/pegasystems/,,Specialties: Business Process Management (BPM) Software,Software Development,"Waltham, Massachusetts"
SAP SuccessFactors,https://www.linkedin.com/company/sapsuccessfactors/,,Make every employee a success story • Specialties: Learning Management Software (LMS),Software Development,"South San Francisco, California"
Continental,https://www.linkedin.com/company/continental/,,Specialties: Software Development,Motor Vehicle Manufacturing,"Hannover, Lower Saxony"
GoPro,https://www.linkedin.com/company/gopro_3/,,Specialties: Software,Computers and Electronics Manufacturing,"San Mateo, CA"
Lynda.com,https://www.linkedin.com/company/lynda-com/,,Specialties: Software Training,E-Learning Providers,"Carpinteria, CA"
Insight,https://www.linkedin.com/company/insight/,,"Insight Enterprises is a leading Solutions Integrator that helps clients solve technology challenges by combining the right hardware, software, and services. As a Fortune 500 technology company, backed by 35+ years of expertise and a deep network of 6,000+ partners, we deliver secure, end-to-end IT solutions...",IT Services and IT Consulting,"Chandler, Arizona"
Ciena,https://www.linkedin.com/company/ciena/,,"...software, and services revolutionize data transmission and network management.",Telecommunications,"Hanover, Maryland"
Riverbed Technology,https://www.linkedin.com/company/riverbed-technology/,,Empower the Experience • Specialties: Software-defined wide area networks,Software Development,"San Francisco, California"
Mozilla,https://www.linkedin.com/company/mozilla-corporation/,,"....  Along with our communities of 20,000+ contributors and collaborators, Mozilla Corporation’s staff designs, builds, and distributes software that allows people...",Software Development,"San Francisco, CA"
"RealPage, Inc.",https://www.linkedin.com/company/realpage/,,RealPage is the leading global provider of AI-enabled software platforms to the real estate industry. By using RealPage solutions for operational excellence...,Software Development,"Richardson, Texas"
Palantir Technologies,https://www.linkedin.com/company/palantir-technologies/,,Software that dominates.,Software Development,"Denver, Colorado"
Trimble Inc.,https://www.linkedin.com/company/trimble/,,Confidence at every turn • Specialties: Software,Software Development,"Westminster, CO"
Nuance Communications,https://www.linkedin.com/company/nuance-communications/,,Specialties: software,Software Development,"Burlington, MA"
Collabera,https://www.linkedin.com/company/collabera/,,"Empowering innovation, building elite teams, and delivering impactful digital talent solutions • Specialties: Software Engineering Solutions",Information Technology & Services,"Basking Ridge, New Jersey"
SoftwareOne,https://www.linkedin.com/company/softwareone/,,"SoftwareOne is a global software and cloud solutions provider. With a presence in over 70 countries and a team of around 13,000 professionals, we combine...",IT Services and IT Consulting,Stans
Amdocs,https://www.linkedin.com/company/amdocs/,,"Who are we? Amdocs helps those who build the future to make it amazing. With our market-leading portfolio of software products and services, we unlock our customers’ innovative potential, empowering them to provide next-generation communication and media experiences for both the individual end user and enterprise...",Software Development,"Chesterfield, MO"
Crossover,https://www.linkedin.com/company/crossover/,,"The world's largest recruiter of remote full-time jobs, enabling world-class tech talent to qualify for elite jobs • Specialties: Software Development",IT Services and IT Consulting,"Austin, TX"
Citrix,https://www.linkedin.com/company/citrix/,,"A Business Unit of Cloud Software Group. Empowering companies to deploy secure, remote apps & desktops at any scale.",Software Development,"Fort Lauderdale, FL"
Nutanix,https://www.linkedin.com/company/nutanix/,,"Nutanix is a global leader in cloud software, offering organizations a single platform for running apps and data across clouds. With Nutanix, companies can reduce complexity and simplify operations, freeing them to focus on their business outcomes. Building on its legacy as the pioneer of hyperconverged infrastructure...",Software Development,"San Jose, California"
Box,https://www.linkedin.com/company/box/,,Power secure collaboration on one intelligent platform • Specialties: Enterprise Software,"Technology, Information and Internet","Redwood City, CA"
Diebold Nixdorf,https://www.linkedin.com/company/diebold/,,"We automate, digitize, and transform the way people bank and shop • Specialties: software",IT Services and IT Consulting,"North Canton, Ohio"
Amazon Lab126,https://www.linkedin.com/company/lab126/,,"We design and engineer devices like Fire tablets, Kindle e-readers, Amazon Fire TV, Amazon Echo, and more • Specialties: Software",Computers and Electronics Manufacturing,"Sunnyvale, CA"
Western Digital,https://www.linkedin.com/company/western-digital/,,Specialties: Software,Computer Hardware Manufacturing,"San Jose, CA"
Epicor,https://www.linkedin.com/company/epicor/,,We’re the essential partner to the world’s most essential businesses • Specialties: ERP Software,Software Development,"Austin, TX"
NASA Jet Propulsion Laboratory,https://www.linkedin.com/company/jet-propulsion-laboratory/,,"Bold, Inclusive, Trusted. Let's Dare Mighty Things Together. Visit http://jpl.jobs to explore our career opportunities • Specialties: software development",Defense and Space Manufacturing,"Pasadena, CA"
Avid,https://www.linkedin.com/company/avid-technology/,,Specialties: software,Software Development,"Burlington, MA"
Vista,https://www.linkedin.com/company/vistaprint/,,"VistaPrint, a Cimpress company, helps small businesses create custom, professional marketing products to stay connected • Specialties: Software Engineering",Software Development,"Waltham, MA"
Garmin,https://www.linkedin.com/company/garmin/,,Engineered on the inside for life on the outside • Specialties: Software Engineering,Computers and Electronics Manufacturing,"Olathe, KS"
Duolingo,https://www.linkedin.com/company/duolingo/,,Duolingo is the world's most popular way to learn a language • Specialties: Software Engineering,Software Development,"Pittsburgh, PA"
"Sonos, Inc.",https://www.linkedin.com/company/sonos-inc-/,,Brilliant sound your way • Specialties: software,Computers and Electronics Manufacturing,"Santa Barbara, CA"
Nabors Industries,https://www.linkedin.com/company/nabors-industries/,,Innovating the Future of Energy • Specialties: Drilling Software,Oil and Gas,"Houston, Texas"
MANTECH,https://www.linkedin.com/company/mantech/,,"...and military leaders face tough challenges in cyber, data collection & analysis, enterprise IT or systems and software engineering, they turn to MANTECH to get the job...",IT System Data Services,"Herndon, Virginia"
AutoZone,https://www.linkedin.com/company/autozone/,,Specialties: Automotive Repair Software,Retail,"Memphis, TN"
ACI Worldwide,https://www.linkedin.com/company/aci-worldwide/,,"ACI Worldwide, an original innovator in global payments technology, delivers transformative software solutions that power intelligent payments orchestration in real time so banks, billers, and merchants can drive growth, while continuously modernizing their payment infrastructures, simply and securely. With nearly 50...",Software Development,"Elkhorn, Nebraska"
Zebra Technologies,https://www.linkedin.com/company/zebra-technologies/,,Zebra builds hardware and software for the frontline—making work better every day.,IT Services and IT Consulting,"Lincolnshire, IL"
"FILD Search, LLC",https://www.linkedin.com/company/fildsearch/,,Recruiting. But Better • Specialties: Software,Staffing and Recruiting,"Phoenix, AZ"
Cornerstone OnDemand,https://www.linkedin.com/company/cornerstoneondemand/,,Cornerstone powers the #FutureReady workforce. Learn how we can help you unite people growth with business success • Specialties: HR software,Software Development,"Santa Monica, CA"
GQR,https://www.linkedin.com/company/gqrinsights/,,"GQR redefines total talent solutions, offering a bespoke blend of staffing, search, advisory, managed services, and cutting-edge software tailored to every employer's unique needs.  Our commitment to excellence and our proactive approach allows us to provide solutions that are not only effective today but scalable...",Staffing and Recruiting,"New York, NY"
TD SYNNEX North America,https://www.linkedin.com/company/tdsynnexnorthamerica/,,Specialties: software,IT Services and IT Consulting,"Clearwater, Florida"
eInfochips (An Arrow Company),https://www.linkedin.com/company/einfochips/,,"..., Physical Design & DFT  Embedded systems engineering services: Hardware Design, System Software, System Verification & Validation, Multimedia  Software engineering services: Cloud Enablement, IoT & Mobility, Application Software, QA and Test Automation, BI and Data Visualization Extended services: New Product...",IT Services and IT Consulting,"San Jose, California"
Infor,https://www.linkedin.com/company/infor/,,Growing with your business - software that builds successful companies.,Software Development,"New York, NY"
Dana Incorporated,https://www.linkedin.com/company/dana-incorporated/,,Specialties: Software and Controls,Motor Vehicle Manufacturing,"Maumee, Ohio"
IDEXX,https://www.linkedin.com/company/idexx-laboratories/,,"..., a growing market around the world. Our products, in-clinic diagnostic tests and instrumentation, practice management and software solutions, and reference...",Biotechnology Research,"Westbrook, Maine"
Evernote,https://www.linkedin.com/company/evernote/,,Remember Everything. Accomplish Anything • Specialties: Software,Software Development,"San Diego, California"
Commvault,https://www.linkedin.com/company/commvault/,,"Commvault is the gold standard in cyber resilience, helping customers prevail against ransomware at the lowest TCO • Specialties: Enterprise Software",Data Security Software Products,"Tinton Falls, NJ"
Rockwell Automation,https://www.linkedin.com/company/rockwell-automation/,,"At Rockwell Automation, we connect the imaginations of people with the potential of technology to expand what is humanly possible, making the world more intelligent, more connected and more productive.   Throughout the world, our flagship Allen-Bradley® and Rockwell Software® product brands are recognized...",Automation Machinery Manufacturing,"Milwaukee, WI"
Oil & Gas Jobs by Rigzone,https://www.linkedin.com/company/rigzone/,,"Follow for the latest energy jobs, career events, news, insights & data.  Create your profile today and be discovered! • Specialties: Recruitment software",Oil and Gas,"Houston, TX"
Intuit,https://www.linkedin.com/company/intuit/,,The platform that helps connect you to the money you deserve with less work and achieve financial confidence.,Software Development,"Mountain View, California"
McGraw Hill,https://www.linkedin.com/company/mcgraw-hill-education/,,Find your path to what’s possible • Specialties: Software,Education Administration Programs,"New York, NY"
McKesson Health IT,https://www.linkedin.com/company/mckesson-technology-solutions/,,Specialties: Healthcare IT Software & Services,IT Services and IT Consulting,"Nashville, TN"
OpenStack,https://www.linkedin.com/company/openstack/,,OpenStack is an open source software project Hosted by the OpenInfra Foundation for creating private and public clouds. Over 300 OpenStack-powered public cloud...,Software Development,
Sun Microsystems,https://www.linkedin.com/company/sun-microsystems_1062/,,"Sun Microsystems, Inc. is a wholly owned subsidiary of Oracle Corporation. Oracle Corporation, an enterprise software company, engages in the development, manufacture, distribution, servicing, and marketing of database, middleware, and application software worldwide. With the acquisition of Sun Microsystems, Oracle...",IT Services and IT Consulting,"Palo Alto, CA"
EFI,https://www.linkedin.com/company/efiprint/,,Inspiring the world with spectacular imagery on any material • Specialties: Business Automation & Workflow Software,Printing Services,"Londonderry, NH"
Blizzard Entertainment,https://www.linkedin.com/company/blizzard-entertainment/,,"Blizzard Entertainment is a premier developer and publisher of entertainment software. After establishing the Blizzard Entertainment label in 1994, the company quickly became one of the most popular and well-respected makers of computer games. By focusing on creating well-designed, highly enjoyable entertainment...",Entertainment Providers,"Irvine, CA"
Nexteer Automotive,https://www.linkedin.com/company/nexteer-automotive/,,"...and software solutions.   We solve motion control challenges across all megatrends – including electrification, software/connectivity, ADAS/automated driving...",Motor Vehicle Manufacturing,"Auburn Hills, Michigan"
Atmel Corporation,https://www.linkedin.com/company/atmel-corporation/,,Specialties: Embedded Software - Studio 6,Semiconductor Manufacturing,"San Jose, CA"
Nokia,https://www.linkedin.com/company/nokia/,,"Nokia is a global leader in connectivity, advancing fixed, mobile, and transport networks for the AI era • Specialties: Software and Services",Telecommunications,"Espoo, Southern Finland"
Wiley,https://www.linkedin.com/company/john-wiley-and-sons/,,Specialties: Software Development,Book and Periodical Publishing,"Hoboken, NJ"
Fluke Corporation,https://www.linkedin.com/company/fluke-corporation/,,"Fluke Corporation, a wholly owned subsidiary of Fortive Corporation (NYSE: FTV), is the world leader in the manufacture, distribution and service of electronic test tools and software.  Fluke is proud to be one of Fortive’s 10 operating companies. Fortive is a diverse global team working together to deliver essential...","Appliances, Electrical, and Electronics Manufacturing","Everett, WA"
"LSI, an Avago Technologies Company",https://www.linkedin.com/company/lsi-corporation/,,"Specialties: Storage Silicon, Software, and Solutions",Semiconductor Manufacturing,"San Jose, CA"
iCIMS,https://www.linkedin.com/company/icims/,,Specialties: HR Software,Software Development,"Holmdel, New Jersey"
Dolby Laboratories,https://www.linkedin.com/company/dolbylaboratories/,,Music. Movies. TV. Gaming. In Dolby • Specialties: Software,Computers and Electronics Manufacturing,"San Francisco, California"
SHI International Corp.,https://www.linkedin.com/company/shi-international-corp-/,,"...for you, or searching for ways to optimize your software portfolio, our friendly 6,000-person team is ready to solve what’s next for your organization.   Our in-house...",IT Services and IT Consulting,"Somerset, NJ"
World Wide Technology,https://www.linkedin.com/company/world-wide-technology/,,"Combining strategy and execution to help organizations accelerate growth. Together, let's Make a New World Happen • Specialties: Software Development",IT Services and IT Consulting,"Maryland Heights, Missouri"
Wipro,https://www.linkedin.com/company/wipro/,,Specialties: Software application management,IT Services and IT Consulting,"Bangalore, Karnataka"
ARRIS,https://www.linkedin.com/company/arris/,,"ARRIS International plc (NASDAQ: ARRS) is powering a smart, connected world. The company's leading hardware, software and services transform the way that people and businesses stay informed, entertained and connected. For more information, visit www.arris.com.  For the latest ARRIS news:  Check out our blog: ARRIS...",Telecommunications,"Suwanee, Georgia"
American Bureau of Shipping (ABS),https://www.linkedin.com/company/american-bureau-of-shipping/,,Specialties: Software,Maritime Transportation,"Spring, Texas"
GlobalLogic,https://www.linkedin.com/company/globallogic/,,...Services 2024 U.S. report Everest Group's Software Product Engineering Services Peak Matrix 2024 Star Performer in Major Contender in Everest Group’s Trust...,Software Development,"Santa Clara, CA"
Prezi,https://www.linkedin.com/company/prezi/,,"Prezi allows you to create attention-grabbing presentations. Now, Prezi AI gives you your best presentations in minutes • Specialties: Presentation Software",Software Development,"Oakland, California"
VIAVI Solutions,https://www.linkedin.com/company/viavi-solutions/,,"Specialties: Software and hardware platforms and instruments  for physical, virtual and hybrid networks",Telecommunications,"Chandler, Arizona"
Accel,https://www.linkedin.com/company/accel-vc/,,Specialties: Enterprise Software & Services,Venture Capital and Private Equity Principals,"Palo Alto, CA"
HCLTech,https://www.linkedin.com/company/hcltech/,,"HCLTech is a global technology company, home to more than 226,600 people across 60 countries, delivering industry-leading capabilities centered around AI, digital, engineering, cloud and software, powered by a broad portfolio of technology services and products. We work with clients across all major verticals...",IT Services and IT Consulting,"Noida, Uttar Pradesh"
PubMatic,https://www.linkedin.com/company/pubmatic/,,PubMatic (Nasdaq: PUBM) is an independent technology company delivering digital advertising’s supply chain of the future • Specialties: marketing automation software,"Technology, Information and Internet","Redwood City, CA"
Experian,https://www.linkedin.com/company/experian/,,"...combination of data, analytics and software. We also assist millions of people to realise their financial goals and help them to save time and money. We operate...",Information Services,"Costa Mesa, CA"
CWT,https://www.linkedin.com/company/mycwt/,,"American Express Global Business Travel (Amex GBT) is a leading software and services company for travel, expense, and meetings & events. We have built the most valuable marketplace in travel with the most comprehensive and competitive content. A choice of solutions brought to you through a strong combination...",Travel Arrangements,"Minnetonka, Minnesota"
TIBCO,https://www.linkedin.com/company/tibco/,,"A Business Unit of Cloud Software Group. Unlocking the potential of real-time data for making faster, smarter decisions.",Software Development,"Santa Clara, California"
Franklin Templeton,https://www.linkedin.com/company/franklin-templeton/,,"...unaffiliated with us. We are not responsible for LinkedIn’s privacy, security, or terms of use policies that control this service, nor their content, software, or tools (or those of any third party’s) that are available through links from this page. You use any third-party site/media, software and materials...",Financial Services,"San Mateo, California"
Project One,https://www.linkedin.com/company/project-one-inc-/,,We are now Eliassen Group • Specialties: software development,Staffing and Recruiting,"Reading, Massachusetts"
Square,https://www.linkedin.com/company/joinsquare/,,"Since we opened our doors in 2009, the world of commerce has evolved immensely, and so has Square. After enabling anyone to take payments and never miss a sale, we saw sellers stymied by disparate, outmoded products and tools that wouldn’t work together.  So we expanded into software and started building integrated...",Software Development,"San Francisco, CA"
Avery Dennison,https://www.linkedin.com/company/avery-dennison/,,"...frequency identification (RFID) inlays and tags, software applications that connect the physical and digital, and offerings that carry information that improves...",Packaging and Containers Manufacturing,"Mentor, Ohio"
"Bluewolf, an IBM Company",https://www.linkedin.com/company/bluewolf-an-ibm-company/,,Specialties: Enterprise Software,IT Services and IT Consulting,"New York, New York"
Bloomberg BNA,https://www.linkedin.com/company/bloomberg-bna/,,Specialties: software,Information Services,"Arlington, Virginia"
Cvent,https://www.linkedin.com/company/cvent/,,,Software Development,"Tysons Corner, VA"
BT Group,https://www.linkedin.com/company/bt/,,Specialties: Software Defined Networking,Telecommunications,London
Zynga,https://www.linkedin.com/company/zynga/,,"...Interactive Software, Inc.   With a massive global reach in more than 175 countries and regions, the combined diverse portfolio of popular game franchises...",Computer Games,"San Francisco, California"
Fujitsu,https://www.linkedin.com/company/fujitsu/,,Specialties: Software,IT Services and IT Consulting,
Polycom,https://www.linkedin.com/company/polycom/,,"Plantronics and Polycom are now Poly.  Our comprehensive set of smart endpoints for unified collaboration span personal and group communication systems, with a full range of headsets, desk and conference phones, and video collaboration solutions. Our cloud software and services provide advanced management, analytics...",Telecommunications,"San Jose, California"
Xilinx,https://www.linkedin.com/company/xilinx/,,"Xilinx was founded in Silicon Valley in 1984 and was the inventor of the FPGA and Adaptive SoCs. Xilinx’s highly flexible, programmable silicon, enabled by a suite of advanced software and tools, drove rapid innovation across a wide span of industries and technologies. Xilinx delivered the most dynamic processing...",Semiconductor Manufacturing,"San Jose, CA"
Analog Devices,https://www.linkedin.com/company/analog-devices/,,"Analog Devices, Inc. (NASDAQ: ADI) is a global semiconductor leader that bridges the physical and digital worlds to enable breakthroughs at the Intelligent Edge. ADI combines analog, digital, AI, and software technologies into solutions that help drive advancements in automation and robotics, mobility, energy and data...",Semiconductor Manufacturing,"Wilmington, MA"
Logitech,https://www.linkedin.com/company/logitech/,,"At Logitech, our purpose is to extend human potential in work and play.  We do this by designing software-enabled hardware solutions that drive superior performance when gaming and superior productivity while at work, all with maximum comfort, speed and accuracy. We enable creativity when pursuing passions...",Computers and Electronics Manufacturing,"San Jose, California"
ABB,https://www.linkedin.com/company/abb/,,"ABB is a technology leader in electrification and automation, enabling a more sustainable and resource-efficient future. The company’s solutions connect engineering know-how and software to optimize how things are manufactured, moved, powered and operated. Building on over 140 years of excellence, ABB’s...",Automation Machinery Manufacturing,"Zurich, ZH"
Visteon Corporation,https://www.linkedin.com/company/visteon/,,"Visteon is advancing mobility through innovative technology solutions that enable a software-defined and electric future. With next-generation digital cockpit and electrification products, Visteon leverages the strength and agility of its global network with a local footprint to deliver a cleaner, safer...",Motor Vehicle Manufacturing,"Van Buren Township, MI"
MathWorks,https://www.linkedin.com/company/the-mathworks_2/,,"MathWorks is the leading developer of mathematical computing software. Engineers and scientists worldwide rely on its products to accelerate the pace of discovery, innovation, and development.   MATLAB, the language of technical computing, is a programming environment for algorithm development, data analysis...",Software Development,"Natick, MA"
Carestream,https://www.linkedin.com/company/carestream-health/,,"Carestream's products make a difference every day.  Carestream Health is a worldwide imaging company. We provide digital X-ray products and X-ray film for the medical and non-destructive testing market worldwide. We also provide product, technical, and service support, including remote equipment and software...",Medical Equipment Manufacturing,"Rochester, NY"
Huawei,https://www.linkedin.com/company/huawei/,,,Telecommunications,"Shenzhen, Guangdong"
HARMAN International,https://www.linkedin.com/company/harman-international/,,"Harman International is a global leader in automotive technology, lifestyle innovations, design and analytics.",Computers and Electronics Manufacturing,"Stamford, Connecticut"
Varian,https://www.linkedin.com/company/varian-medical-systems/,,"..., we support every step of the cancer care journey – from screening to survivorship. From advanced imaging and radiation therapy, to comprehensive software...",Medical Device,"Palo Alto, CA"
BlackBerry,https://www.linkedin.com/company/blackberry/,,Specialties: Software,Software Development,"Waterloo, Ontario"
FactSet,https://www.linkedin.com/company/factset/,,"FactSet creates flexible, open data and software solutions for tens of thousands of investment professionals around the world, providing instant access to financial data and analytics that investors use to make crucial decisions.   For 40 years, through market changes and technological progress, our focus has always...",Financial Services,"Norwalk, Connecticut"
Kronos Incorporated,https://www.linkedin.com/company/kronos/,,"Built from the merger of Ultimate Software & Kronos Inc, we are now UKG. We provide global HCM, payroll and workforce management solutions.    UKG is an Equal Opportunity Employer.",Software Development,"Lowell, MA"
IPsoft,https://www.linkedin.com/company/ipsoft/,,...levels of success in the dynamic and data-driven business landscape. Our custom software development and managed services offerings are intended to complement...,IT Services and IT Consulting,"New York, NY"
"USA TODAY Co., Inc.",https://www.linkedin.com/company/usatodayco/,,"...Kingdom. Our digital marketing solutions brand, LocaliQ, uses innovation and software to enable small and medium-sized businesses to grow, and USA TODAY...",Newspaper Publishing,"New York, NY"
Tata Consultancy Services,https://www.linkedin.com/company/tata-consultancy-services/,,"...adaptive enterprises, staying ahead in an ever changing digital landscape. Recognized for excellence in software development, we rapidly apply and scale new...",IT Services and IT Consulting,"Mumbai, Maharashtra"
Globant,https://www.linkedin.com/company/globant/,,"....  - We are active members of The Green Software Foundation (GSF) and the Cybersecurity Tech Accord.  For more information, visit https://bit.ly/globant_com  Follow us...",IT Services and IT Consulting,"San Francisco, CA"
CDK Global,https://www.linkedin.com/company/cdknorthamerica/,,"CDK Global is a leading provider of retail technology and software as a service (SaaS) solutions that help dealers and auto manufacturers run their businesses more efficiently, drive improved profitability and create frictionless purchasing and ownership experiences for consumers. Today, CDK serves nearly 15,000...",Software Development,"Austin, Texas"
Hearst,https://www.linkedin.com/company/hearst/,,...of software-as-a-service solutions for managing the maintenance of jets and helicopters; 35 television stations; 24 daily and 52 weekly newspapers; more than 200...,Media Production,"New York, NY"
Mavenir,https://www.linkedin.com/company/mavenir/,,"Mavenir is enabling intelligent, automated, programmable networks through the development of telco-first, cloud-native, AI-by-design software solutions...",Software Development,"Richardson, Texas"
Heartland,https://www.linkedin.com/company/heartland-payment-systems/,,"Global Payments Inc. (NYSE: GPN), a leading worldwide provider of payment technology and software solutions, announced the unification of its technology stack under a single brand, Genius, providing a seamless, integrated experience for customers. Heartland, a Global Payments company, previously offered a suite...",Financial Services,"Oklahoma City, Oklahoma"
TravelClick,https://www.linkedin.com/company/travelclick/,,"TravelClick has been acquired by Amadeus, a global leader in innovative hospitality software solutions.",Hospitality,"New York, NY"
GitHub,https://www.linkedin.com/company/github/,,The home of software development,Software Development,"San Francisco, CA"
Waters Corporation,https://www.linkedin.com/company/waters/,,"Waters Corporation is a global leader in analytical instruments, separations technologies, and software, serving the life, materials, food, and environmental sciences for over 65 years.   Our products ensure the safety of the medicines we take, the purity of the food we eat and the water we drink, and the quality...",Biotechnology Research,"Milford, MA"
2K,https://www.linkedin.com/company/2k-games/,,"...Software, Hangar 13, HB Studios and Visual Concepts.   2K’s portfolio currently includes several AAA, sports and entertainment brands, including global powerhouse...",Computer Games,"Novato, California"
"GE Transportation, a Wabtec company",https://www.linkedin.com/company/getransportation/,,"...of transportation technology, software, and analytics. And it's why we continue to find-and realize-the potential that keeps our connected world moving forward...",Truck Transportation,"Chicago, IL"
Houzz,https://www.linkedin.com/company/houzz/,,"Houzz, the leading platform for home building, remodeling and design, empowers industry professionals and homeowners with the tools they need to make every project a success. The company’s cloud-based, AI-powered project management and design software, Houzz Pro (houzz.com/pro), helps pros win projects, collaborate...",Software Development,"West Hollywood, California"
Thomson Reuters,https://www.linkedin.com/company/thomson-reuters/,,"Thomson Reuters (TSX/NDAQ: TRI) informs the way forward by bringing together the trusted content and technology that people and organizations need to make the right decisions. We serve professionals across legal, tax, accounting, compliance, government, and media. Our products combine highly specialized software...",Software Development,"Toronto, ON"
NEORIS,https://www.linkedin.com/company/epamneoris/,,"...through Cloud Transformation, Data & Analytics, Artificial Intelligence, Cybersecurity, Intelligent Automation, Strategic Consulting and Software Engineering...",IT Services and IT Consulting,"Miami, FL"
Blackbaud,https://www.linkedin.com/company/blackbaud/,,"Blackbaud (NASDAQ: BLKB) is the leading software provider exclusively dedicated to powering social impact. Serving the nonprofit and education sectors, companies committed to social responsibility, and individual change makers, Blackbaud’s essential software is built to accelerate impact in fundraising, nonprofit...",Software Development,"Charleston, South Carolina"
athenahealth,https://www.linkedin.com/company/athenahealth/,,...efficiently. athenahealth partners with practices with purpose-built software backed by expertise to produce the insights needed to drive better clinical...,IT Services and IT Consulting,"Boston, Massachusetts"
ArisGlobal,https://www.linkedin.com/company/aris-global/,,"...through multi-tenant Software-as-a-Service (SaaS) architecture.  Headquartered in Waltham, MA. ArisGlobal has regional offices in Europe, India, Japan, and China.",Software Development,"Waltham, Massachusetts"
Ars Technica,https://www.linkedin.com/company/ars-technica/,,"..., Ars Technica became a trusted source for technology news, tech policy analysis, breakdowns of the latest scientific advancements, gadget reviews, software...",Online Audio and Video Media,"New York, NY"
Thales Cyber and Digital,https://www.linkedin.com/company/thalesdis/,,"Thales Cyber and Digital is a global leader in digital security, bringing trust to an increasingly connected world. We design and deliver a wide range of products, software and services based on two core technologies: digital identification and data protection. Our technology is at the heart of modern life...",IT Services and IT Consulting,Meudon
Full Sail University,https://www.linkedin.com/company/full-sail-university/,,"...in professional environments and on professional software and hardware. Our education is offered at an accelerated pace, which allows students to graduate...","Winter Park, FL",
Novell,https://www.linkedin.com/company/novell/,,....    Micro Focus is a global software company with 40 years of experience in delivering and supporting enterprise software solutions that help customers innovate...,IT Services and IT Consulting,"Provo, UT"
Smiths Medical,https://www.linkedin.com/company/l-sm-icu/,,".... ICU Medical's product portfolio includes ambulatory, syringe, and large volume IV pumps and safety software; dedicated and non-dedicated IV sets, needlefree IV...",Medical Device,"San Clemente, California"
First Advantage,https://www.linkedin.com/company/first-advantage/,,"First Advantage (NASDAQ: FA) is a leading provider of global software and data in the HR technology industry. Enabled by its proprietary technology and AI, First Advantage’s platforms, data, and APIs power comprehensive employment background screening, digital identity solutions, and verification services...",Information Services,"Atlanta, GA"
Cloud Big Data Technologies Group,https://www.linkedin.com/company/cloud-bigd/,,...Data’s 100% own Software Product) Helps our Consultants to get Placed at Client Projects in Quickest Possible Time.   -475+ Highly Experienced Marketing...,Information Technology & Services,"Grand Island, Nebraska"
Delphi,https://www.linkedin.com/company/delphi/,,Specialties: Software and Services,Motor Vehicle Manufacturing,"Gillingham, United Kingdom"
Geek Squad,https://www.linkedin.com/company/geek-squad/,,"...from your computer  * Install virus and spyware protection software  * Show you how to use your digital camera, iPod, or other digital device  * Help protect and back up important data  * Perform system checkups and maintenance  * Bring your computer up to date  * Recommend hardware and software  * Install hardware...",IT Services and IT Consulting,
Genesys,https://www.linkedin.com/company/genesys/,,"Orchestrating billions of remarkable experiences in more than 100 countries – through cloud, digital and AI technology • Specialties: Call Center Software",Software Development,"Menlo Park, CA"
Putnam Investments,https://www.linkedin.com/company/putnam-investments/,,".... FT is not responsible for LinkedIn’s privacy, security, or terms of use policies that control this service, nor their content, software, or tools (or those of any third party’s) that are available through links from this page. You use any third-party site/media, software and materials at your own risk.  US readers...",Financial Services,"Boston, Massachusetts"
Hilti Group,https://www.linkedin.com/company/hilti/,,"Hilti stands for innovation and direct customer relationships. About 34,000 employees around the world, in more than 120 countries, contribute to making our customers’ work more productive, safer and more sustainable. We do this with our hardware, software and service offering.  With roughly 280,000 customer contacts...",Construction,Schaan
Sopra Steria,https://www.linkedin.com/company/soprasteria/,,The world is how we shape it • Specialties: Software Development,IT Services and IT Consulting,"Paris, France"
"Baidu, Inc.",https://www.linkedin.com/company/baidu-inc/,,Specialties: Software,Software Development,Beijing
WTW,https://www.linkedin.com/company/wtwcorporate/,,We transform tomorrows • Specialties: HR software,Financial Services,"London, England"
Capita,https://www.linkedin.com/company/capita/,,"Capita is a leading provider of business process services, driven by data, technology and people. #CreatingBetter • Specialties: Software",IT Services and IT Consulting,"London, England"
ASML,https://www.linkedin.com/company/asml/,,"....  What do we do?  We provide chipmakers with hardware, software and services to mass produce patterns on silicon through lithography. Our lithography systems use...",Semiconductor Manufacturing,Veldhoven
OpenText,https://www.linkedin.com/company/opentext/,,Information Reimagined • Specialties: Software,Software Development,"Waterloo, ON"
Mercedes-Benz Research and Development India,https://www.linkedin.com/company/mercedes-benz-research-and-development-india/,,"...- driving digital acceleration, leading excellence in-car software and paving the way for sustainable mobility.   MBRDI currently employs over 8500 professionals...",Motor Vehicle Manufacturing,"Bangalore, Karnataka"
HTC,https://www.linkedin.com/company/htc/,,Fostering imagination through immersive technology • Specialties: Software,Consumer Electronics,"Taoyuan, TW"
KPIT,https://www.linkedin.com/company/kpit/,,"....   With over 25 years of specialized expertise in Mobility, KPIT is accelerating the transformation towards Software and AI-Defined Vehicles through its advanced solutions, platforms, and products—propelled by mobility-infused AI frameworks, software craftsmanship, and systems integration mastery.   Vision in Motion...",Software Development,"Pune, Maharashtra"
Wolters Kluwer,https://www.linkedin.com/company/wolters-kluwer/,,"Wolters Kluwer (EURONEXT: WKL) is a global leader in information, software solutions, and services for professionals in healthcare; tax and accounting; financial and corporate compliance; legal and regulatory; corporate performance and ESG. We help our customers make critical decisions every day by providing expert...",Software Development,Alphen aan den Rijn
SAP Ariba,https://www.linkedin.com/company/ariba/,,"Official SAP company page for procurement teams and spend management software - including SAP Ariba and SAP Fieldglass solutions.    Harness the power of AI-enhanced procurement with the speed, intelligence, and scalability of an integrated source-to-pay suite.",Software Development,Waldorf
Emerson Network Power,https://www.linkedin.com/company/vertiv-emerson-network-power/,,Visit https://www.vertiv.com/,"Appliances, Electrical, and Electronics Manufacturing","Columbus, Ohio"
Arcadis,https://www.linkedin.com/company/arcadis/,,Specialties: Software,Professional Services,"Amsterdam, Nederland"
Exact,https://www.linkedin.com/company/exact/,,Exact develops cloud software for small and medium-sized companies and their accountants. The products automate business processes in areas such as Finance...,Software Development,"Delft, ZH"
Trend Micro,https://www.linkedin.com/company/trend-micro/,,Specialties: Security Software,Software Development,"Tokyo, Japan"
Luxoft,https://www.linkedin.com/company/luxoft/,,"Luxoft, a DXC Technology Company (NYSE: DXC), is a digital strategy and software engineering firm providing bespoke technology solutions that drive business change for customers the world over. Acquired by U.S. company DXC Technology in 2019, Luxoft is a global operation in 44 cities and 21 countries...",IT Services and IT Consulting,Zug
Xero,https://www.linkedin.com/company/xero/,,Easy-to-use accounting software that keeps you connected and frees you to focus on your business.,Software Development,"Te Aro, Wellington"
Atlassian,https://www.linkedin.com/company/atlassian/,,"...% of the Fortune 500 rely on Atlassian’s software, like Jira, Confluence, Loom, and Trello, to help their teams work better together and deliver quality results on time.  With our 300,000+ customers and team of 10,000+ Atlassians, we are building the next generation of team collaboration and productivity software.  We believe...",Software Development,"Sydney, NSW"
Arm,https://www.linkedin.com/company/arm/,,Specialties: Software,Semiconductor Manufacturing,"Cambridge, Cambs"
BearingPoint,https://www.linkedin.com/company/bearingpoint/,,Specialties: Software Development,Business Consulting and Services,Amsterdam
Dyson,https://www.linkedin.com/company/dyson/,,"..., scientists and software developers are focused on developing technology-enabled products which work better and which people love to use. Key areas of focus...","Appliances, Electrical, and Electronics Manufacturing",Singapore
ITC Infotech,https://www.linkedin.com/company/itc-infotech/,,"Business-friendly solutions to help clients be future-ready, amplify human potential, and transform millions of lives • Specialties: Software Product Engineering",IT Services and IT Consulting,"Bangalore, Karnataka"
Lloyd's Register,https://www.linkedin.com/company/lloyd%27s-register/,,Specialties: Software,"Transportation, Logistics, Supply Chain and Storage",London
CAE,https://www.linkedin.com/company/cae/,,Specialties: Software design,"Montréal, Québec",
Zoho,https://www.linkedin.com/company/zoho/,,A unique and powerful software suite to transform the way you work; built by a company that values your privacy.,Software Development,"Chennai, Tamil Nadu"
CMC LTD,https://www.linkedin.com/company/cmc-ltd/,,"GLOBAL OUTLOOK:    Part of $100 billion Tata Group  Subsidiary of TCS – Asia’s Largest Global Software Services Company  Over 12,000+ employees spread across India, USA, UK, Europe, MEA & APAC.  11 Development Centers across India & USA  3300+ experts in technologies & domain for Application Development Practice   978...",IT Services and IT Consulting,"Hyderabad, Andhra Pradesh"
Agoda,https://www.linkedin.com/company/agoda/,,Begin your best career journey here • Specialties: software engineering,Software Development,"Singapore, Singapore"
CareerBuilder,https://www.linkedin.com/company/careerbuildercom/,,Specialties: HR Software,"Technology, Information and Internet","Guaynabo, Puerto Rico"
European Space Agency - ESA,https://www.linkedin.com/company/european-space-agency/,,Specialties: Software,Space Research and Technology,"Paris, Île-de-France"
Quest Global,https://www.linkedin.com/company/quest-global/,,Solving the hardest engineering challenges • Specialties: Engineering Software,Engineering Services,Singapore
Capgemini Invent,https://www.linkedin.com/company/capgemini-invent/,,,Business Consulting and Services,Paris
TomTom,https://www.linkedin.com/company/tomtom/,,It takes the world to map the world • Specialties: Software,IT Services and IT Consulting,"Amsterdam, North Holland"
Linx,https://www.linkedin.com/company/linxretail/,,"With more than 30 years offering management software (ERP and POS), Linx specializes in retail and meets many different market needs. The Company offers specific solutions for gas stations and convenience stores, dealerships, food, fashion and accessories, optical shops, drugstores, supermarkets and hypermarkets...",IT Services and IT Consulting,"São Paulo, SP"
UL Solutions,https://www.linkedin.com/company/ulsolutions/,,"A global leader in applied safety science, UL Solutions (NYSE: ULS) transforms safety, security and sustainability challenges into opportunities for customers in more than 110 countries. UL Solutions delivers testing, inspection and certification services, together with software products and advisory offerings...",Professional Services,"Northbrook, Illinois"
SDL,https://www.linkedin.com/company/sdl/,,We are the intelligent language and content company • Specialties: Translation Software,IT Services and IT Consulting,"Maidenhead, Berkshire"
Ramco Systems,https://www.linkedin.com/company/ramco-systems/,,"AI & ML, Bot and Voice-ready ERP with focus on Global Payroll, Logistics and Aviation M&E, MRO Software",Software Development,"Chennai, Tamil Nadu"
Oriflame Cosmetics,https://www.linkedin.com/company/oriflame/,,Reach your happy place • Specialties: Software,Personal Care Product Manufacturing,"Schaffhausen, Schaffhausen"
Lionbridge,https://www.linkedin.com/company/lionbridge/,,Breaking Barriers. Building Bridges.,Translation and Localization,"Waltham, Massachusetts"
SolidCAD,https://www.linkedin.com/company/solidcad/,,"Empowering Transformation.

Consulting  | Technology | Automation | Education • Specialties: Software",Software Development,"Richmond Hill, ON"
Misys,https://www.linkedin.com/company/misys/,,Specialties: Financial Software,Financial Services,"London, London"
Enterprise Ireland,https://www.linkedin.com/company/enterprise-ireland/,,Enterprise Ireland is the state agency responsible for the development and growth of Irish enterprises in world markets • Specialties: software,International Trade and Development,Dublin
BRQ Digital Solutions,https://www.linkedin.com/company/brq/,,Empowering Digital Evolution • Specialties: Software,IT Services and IT Consulting,"São Paulo, SP"
Markit,https://www.linkedin.com/company/markit/,,"To see the latest from Financial Services by IHS Markit, click our Learn More button below to follow us on LinkedIn • Specialties: Software and solutions for financial markets",Information Services,London
Framestore,https://www.linkedin.com/company/framestore/,,"We combine talent and technology to reframe the possible in film, content, advertising and immersive experience • Specialties: Software Development",Animation and Post-production,"London, England"
Paddy Power,https://www.linkedin.com/company/paddypower/,,Specialties: Software Development,Entertainment Providers,Dublin
Native Instruments,https://www.linkedin.com/company/native-instruments/,,"For over 25 years, Native Instruments has been at the forefront of sonic innovation. Guided by our mission to inspire and enable creators to express themselves, we develop integrated audio hardware and software solutions for musicians, producers, engineers, and DJs of all genres and levels of experience.",Musicians,Berlin
Akka Technologies,https://www.linkedin.com/company/akka-technologies/,,Specialties: Software Development,Information Technology & Services,"Bruxelles, Région de Bruxelles-Capitale"
Sage,https://www.linkedin.com/company/sage-software/,,"At Sage, we knock down barriers with information, insights, and tools to help your business flow.   We provide businesses with software and services that are simple and easy to use, as we work with you to give you that feeling of confidence. Customers trust our Payroll, HR, and Finance software to make business flow...",Software Development,Newcastle upon Tyne
Datacom,https://www.linkedin.com/company/datacom/,,Customer focused values. World-class capability • Specialties: Software,IT Services and IT Consulting,"Auckland, Auckland"
Charlton Morris,https://www.linkedin.com/company/charlton-morris/,,#searchingtogether to find the future • Specialties: Software,Staffing and Recruiting,"Leeds, England"
Aricent,https://www.linkedin.com/company/aricent/,,,Software Development,"Santa Clara, CA"
Finlay James,https://www.linkedin.com/company/finlay-james-associates/,,Renowned for bringing visions to life. Click to learn more • Specialties: Software Sales Recruitment,Staffing and Recruiting,Manchester
Engineering Group,https://www.linkedin.com/company/engineering-group/,,Specialties: Software,IT Services and IT Consulting,"Roma, Lazio"
Tyco,https://www.linkedin.com/company/tyco/,,"Tyco offers comprehensive security solutions to protect people, facilities, and assets as part of Johnson Controls world leading portfolio of building products, technologies, software, and services.",Security and Investigations,Cork
Ciklum,https://www.linkedin.com/company/ciklum/,,"Experiences of Tomorrow, Engineered Together! • Specialties: Nearshore Software Development",IT Services and IT Consulting,"London, England"
RECRUITERS,https://www.linkedin.com/company/recruiters/,,Ireland's Most Trusted Recruitment Partner • Specialties: Software Recruitment dublin,Staffing and Recruiting,"Dublin, Leinster"
Brunel,https://www.linkedin.com/company/brunel/,,"This is who we are: A powerful global network.
Brunel – Connecting Specialists to Pioneering Projects.",Staffing and Recruiting,Amsterdam
SCC,https://www.linkedin.com/company/scc/,,Simplify the Complex • Specialties: Software,IT Services and IT Consulting,Birmingham
Crytek,https://www.linkedin.com/company/crytek/,,Envision. Empower. Achieve • Specialties: Software,Computer Games,"Frankfurt am Main, Hessen"
Valeo,https://www.linkedin.com/company/valeo/,,Smart technology for smarter mobility • Specialties: Software,Motor Vehicle Parts Manufacturing,"Paris, Île-de-France"
TIVIT,https://www.linkedin.com/company/tivit/,,,IT Services and IT Consulting,São Paulo
Thales,https://www.linkedin.com/company/thales/,,Building a future we can all trust • Specialties: Software,Defense and Space Manufacturing,"Meudon, Île-de-France"
Tieto,https://www.linkedin.com/company/tieto-old/,,"Tieto aims to capture the significant opportunities of the data-driven world and turn them into lifelong value for people, business and society. We aim to be customers’ first choice for business renewal by combining our software and services capabilities with a strong drive for co-innovation and ecosystems...",Information Technology & Services,"Helsinki, Finland"
dunnhumby,https://www.linkedin.com/company/dunnhumby/,,"...science, software, trusted advice, and 35+ years of dedicated retail experience, dunnhumby is recognised as a leader in connecting customer insight and action...","Technology, Information and Media","Brook Green, London"
Invensys - Acquired by Schneider Electric,https://www.linkedin.com/company/invensys/,,"...,Schneider Electric's market-leading software, systems and controls enable its customers to monitor, control and automate their products and processes, thereby...",Industrial Automation,"London, United Kingdom"
"NGA Human Resources, an Alight company",https://www.linkedin.com/company/ngahr/,,Innovating HR and payroll for today and tomorrow,Human Resources Services,"London, England"
SQS Group,https://www.linkedin.com/company/sqs-group/,,,Business Consulting and Services,Paris
Catho,https://www.linkedin.com/company/catho-online/,,"Plataforma de empregos.
Siga nosso perfil e tenha dicas diárias para alavancar sua carreira ou seu negócio.","Technology, Information and Internet","Barueri, SP"
Polaris Consulting & Services Ltd,https://www.linkedin.com/company/polaris-financial-technologylimited/,,"On 3 March 2016, Virtusa Corporation acquired a majority interest in Polaris Consulting & Services Limited. VirtusaPolaris, our new market-facing brand, represents the combined strengths of Virtusa and Polaris, including our strong software engineering heritage, deep domain expertise and focus on applying innovation...",IT Services and IT Consulting,Chennai
Unify,https://www.linkedin.com/company/unifyco/,,"..., software integration and change management, Unify solutions can transform employee and customer experience in a mixed-vendor landscape while increasing...",IT Services and IT Consulting,"Munich, Bavaria"
Acer,https://www.linkedin.com/company/acer/,,"Founded in 1976, Acer is one of the world's top ICT companies with a presence in more than 160 countries. As Acer evolves with the industry and changing lifestyles, it is focused on enabling a world where hardware, software and services will fuse with one another, creating ecosystems and opening up new possibilities...",Computer Hardware Manufacturing,"XiZhi District, New Taipei City"
DNV,https://www.linkedin.com/company/dnv/,,When trust matters • Specialties: Software solutions,Public Safety,"Høvik, Oslo"
Bosch Middle East,https://www.linkedin.com/company/boschmiddleeast/,,"..., software, and services, as well as its own IoT cloud, to offer its customers connected, cross-domain solutions from a single source. The Bosch Group’s strategic...",IT Services and IT Consulting,Dubai
KNR Management Consultants,https://www.linkedin.com/company/knrglobal/,,...) Technology - IT Products  - Software & Services   -       Tech Startups   C) Global Shared Services     D) BFSI - NBFC - Investment Banking    -       Asset...,Executive Search Services,"Gurgaon, Haryana"
CareerDubai,https://www.linkedin.com/company/careerdubai.net/,,.../Civil Engineering/Services 3. Real Estate/Property Development 4. IT/Software/Hardware/Networking 5. Electronics/White Goods & Home Appliances 6. Engineering...,Staffing and Recruiting,Dubai
Hurb,https://www.linkedin.com/company/hurb/,,"....  We are a passionate team of +900 people, best in class Software Engineerings, Machine Learning and Data enthusiasts and Problem Solvers. Located in our HQs...","Technology, Information and Internet","Rio de Janeiro, Rio de Janeiro"
QIAGEN,https://www.linkedin.com/company/qiagen/,,"...these biomolecules visible and ready for analysis. Bioinformatics software and knowledge bases interpret data to report relevant, actionable insights. Automation...",Biotechnology Research,"Venlo, Limburg"
Inria,https://www.linkedin.com/company/inria/,,"...institute, Inria supports the development of numerous software products, sometimes making a global impact via the opensource model. Because technology start-ups...",Research Services,"Le Chesnay Cedex, France"
SEAT S.A.,https://www.linkedin.com/company/seat-sa/,,"...centres also include SEAT CODE, a software development hub, and CASA SEAT, located in the heart of Barcelona.  The company is playing a leading role in turning Spain...",Motor Vehicle Manufacturing,"Martorell, Barcelona"
KoçSistem,https://www.linkedin.com/company/kocsistem/,,".... While providing system integration and software products/services, we design field services, software development, professional services, hosting, software application...",IT Services and IT Consulting,"ISTANBUL, TURKIYE"
Shapoorji Pallonji Group,https://www.linkedin.com/company/shapoorji-pallonji-&-co--ltd-/,,"...commissioned, promoting green energy, and construction of 100 Software Development Centres and IT Parks, supporting the boom of the IT Industry in the nation. Bhamashah...",Construction,"Mumbai, Maharastra"
Morson Edge (Technology),https://www.linkedin.com/company/interquest-group-morson-edge/,,"Formerly InterQuest Group.  Digital progress depends on people. We find them.  Morson Edge (Technology) connects ambitious organisations with the talent that makes transformation real.  From fintech and data to cloud, software and cyber, we deliver specialists who turn complexity into clarity.  We make systems smarter...",Staffing and Recruiting,"London, England"
RED Global,https://www.linkedin.com/company/red-commerce/,,"25 years of tech recruitment!  RED Global is one of the world’s leading tech recruitment companies. Established in 2000, we focus specifically on Business Applications, Cloud & Infrastructure, Cybersecurity, Data & Analytics, SAP and Software Development.  - 350,000+ network tech candidates.  - 350+ employees - 9...",Staffing and Recruiting,"London, Greater London"
DLL,https://www.linkedin.com/company/dllgroup/,,"...users, to enable businesses to access equipment, technology, and software more easily. DLL is committed to a more sustainable future for the environment...",Financial Services,"Eindhoven, Netherlands"
Gera let,https://www.linkedin.com/company/gerasalesecosystem/,,"Tendo o know-how em Vendas Diretas como o coração do nosso software, nos tornamos capazes de evoluir na adopção de novos canais para produzir uma experiência omnichannel para Revendedores e Consumidores finais. Nascemos há 13 anos no Brasil para desenvolver um software capaz de atender a complexidade do modelo de...",Information Technology & Services,"São Paulo, São Paulo"
CTIS,https://www.linkedin.com/company/ctis/,,"CTIS, a SONDA Group company, is recognized as one of the largest and most important Brazilian information technology companies. For 34 years in the market, the pillars are the End User Support, Software Factory, Managed Device Services, Professional Services, Printing Center, Visual Solutions and Escola Modelo...",IT Services and IT Consulting,"Barueri, São Paulo"
Canon EMEA,https://www.linkedin.com/company/canon-emea/,,"Canon's news and inspiration in Photography, Broadcast, Print, and Office solutions from Europe, Middle East & Africa • Specialties: Software",IT Services and IT Consulting,"Stockley Park, Uxbridge"
ZEISS Group,https://www.linkedin.com/company/zeiss/,,We are a global technology leader advancing the world of optics. #SeeingBeyond • Specialties: Software Engineering,Machinery Manufacturing,Oberkochen
Sogeti,https://www.linkedin.com/company/sogeti/,,Discover your full potential with Sogeti. #BecomeYourBest,IT Services and IT Consulting,"Paris, Paris -  Issy-les-Moulineaux"
Tata Technologies,https://www.linkedin.com/company/tata-technologies/,,"...value chain covering outsourced product engineering services, digital transformation services, upskilling solutions and value-added reselling of software products...",Engineering Services,"Hinjawadi, Pune, Maharashtra"
Modis,https://www.linkedin.com/company/modis/,,"..., software & technology services, robotics, testing, simulations, data security, AI & data analytics. The combined IT and engineering expertise brings a unique...",IT Services and IT Consulting,"Zurich, Zurich"
Tyler Technologies,https://www.linkedin.com/company/tyler-technologies/,,"Tyler Technologies (NYSE: TYL) provides integrated software and technology services to the public sector. Tyler’s end-to-end solutions empower local, state, and federal government entities to operate efficiently and transparently with residents and each other. By connecting data and processes across disparate systems...",Software Development,"Plano, Texas"
Trilogy,https://www.linkedin.com/company/trilogy/,,"Building the Future of Intelligent Software Operations, AI-First. Fully Remote.",Software Development,"Austin, TX"
Coderio,https://www.linkedin.com/company/coderio/,,"Accelerate your digital transformation with our expert nearshore engineering teams. From experienced Software Engineers to augment your tech team, to fully...",Software Development,"Miami, Florida"
Foxit,https://www.linkedin.com/company/foxit-corporation/,,"...and do more with documents. Foxit combines easy-to-use desktop software, mobile apps, and cloud services in one powerful solution: The Foxit PDF Editor Suite...",Software Development,"Fremont, CA"
Coupa,https://www.linkedin.com/company/coupa/,,Specialties: Spend Management Software,Software Development,"Foster City, California"
Black Duck,https://www.linkedin.com/company/black-duck-software/,,"True Scale Application Security — Uncompromised trust in software for the regulated, AI-powered world",Software Development,"Burlington, MA"
Freshworks,https://www.linkedin.com/company/freshworks-inc/,,Providing people-first AI service software to deliver exceptional customer and employee experiences.,Software Development,"San Mateo, California"
MongoDB,https://www.linkedin.com/company/mongodbinc/,,"Headquartered in New York, MongoDB's mission is to empower innovators to create, transform, and disrupt industries by unleashing the power of software and data. Built by developers, for developers, our modern database platform is a database with an integrated set of related services that allow development teams...",Software Development,"New York, NY"
HackerEarth,https://www.linkedin.com/company/hackerearth/,,HackerEarth is the most comprehensive developer assessment software that helps companies to accurately measure the skills of developers during the recruiting process. More than 1000 companies across the globe use HackerEarth to improve the quality of their engineering hires and reduce the time spent by recruiters...,Software Development,"Sunnyvale, California"
SS&C Technologies,https://www.linkedin.com/company/ss-c-technologies/,,"SS&C is a leading global provider of mission-critical, cloud-based software and solutions for the financial and healthcare industries. Named to the Fortune 1000 list as a top U.S. company based on revenue, SS&C (NASDAQ: SSNC) is a trusted provider to more than 22,000 financial services and healthcare companies...",Software Development,"Windsor, CT"
HighRadius,https://www.linkedin.com/company/highradius/,,"..., Hershey’s and many more.  Autonomous Software is data-driven software that continuously morphs its behavior to the ever-changing underlying domain transactional...",Software Development,"Houston, Texas"
Walmart Global Tech,https://www.linkedin.com/company/walmartglobaltech/,,".... Our world-class software engineers, data scientists and engineers, cybersecurity professionals, product managers and business service professionals work with top talent...",Software Development,"Bentonville, Arkansas"
Toast,https://www.linkedin.com/company/toast-inc/,,"Toast empowers restaurants of all sizes to build great teams, increase revenue, improve operations, and delight guests.    We pair our deep understanding of the restaurant industry with powerful cloud based software and restaurant-grade hardware to deliver an intuitive, all-in-one platform, across point of sale, guest...",Software Development,"Boston, Massachusetts"
Celonis,https://www.linkedin.com/company/celonis/,,"When processes work, everything works • Specialties: Software Development",Software Development,"New York City, New York"
Qualtrics,https://www.linkedin.com/company/qualtrics/,,"At Qualtrics, we create software the world’s best brands use to deliver exceptional frontline experiences, build high-performing teams, and design products people love. But we are more than a platform—we are the creators and stewards of the Experience Management category serving over 19,000 clients globally. Building...",Software Development,"Provo, UT and Seattle, WA"
ClickUp,https://www.linkedin.com/company/clickup-app/,,"The world's most productive AI Workspace for projects, tasks, chat, docs, and more. All software and humans - converged.",Software Development,"San Diego, California"
Paycom,https://www.linkedin.com/company/paycom/,,Our truly single HR and payroll software automates the routine to simplify life for employees and transform businesses.,Software Development,"Oklahoma City, Oklahoma"
Deltek,https://www.linkedin.com/company/deltek/,,Speed. Clarity. Control • Specialties: Project Management Software,Software Development,"Herndon, VA"
PandaDoc,https://www.linkedin.com/company/pandadoc/,,Welcome to a better way of getting things done • Specialties: Software,Software Development,"San Francisco, California"
Aspen Technology,https://www.linkedin.com/company/aspen-technology/,,AspenTech is a global software leader helping industries at the forefront of the world’s dual challenge meet the increasing demand for resources from a rapidly growing population in a profitable and sustainable manner. AspenTech solutions address complex environments where it is critical to optimize the asset design...,Software Development,"Bedford, MA"
Adroit Innovative Solutions Inc,https://www.linkedin.com/company/adroitinnovativesolutionsinc/,,Adroit Innovative Solutions is a US-based IT consulting and software development company committed to delivering technology-driven solutions that drive...,Software Development,"Frisco, Texas"
Arbisoft,https://www.linkedin.com/company/arbisoft/,,"Arbisoft is a custom software development company, and a chosen engineering partner for market leaders all over the world in a variety of verticals. With over a decade and a half of experience under our belt, we have forged lasting relationships with our clients to bring value to their users and enable digital...",Software Development,"Plano, Texas"
Via,https://www.linkedin.com/company/ridewithvia/,,"...our customers design, operate, and optimize their transit systems using software, services, and billions of proprietary real-world trip data points. The result: lower...",Software Development,"New York, New York"
VLink Inc,https://www.linkedin.com/company/vlink-inc/,,"VLink Inc. is a global software engineering and tech talent partner, delivering next-gen software development, DevOps & AI-powered solutions, and expert software professionals to businesses across the globe. Founded in 2006, VLink helps organizations—from Fortune 500s to SMBs—accelerate digital transformation, enhance...",Software Development,"South Windsor, CT"
InfoBeans,https://www.linkedin.com/company/infobeans/,,"InfoBeans specializes in AI-first software development and implementation for its enterprise clients to solve their most complex business problems. We are listed on the NSE in India with presence in the US, Europe and the Middle East. We intently focus on the philosophy that InfoBeans is our team’s second home...",Software Development,"Danville, California"
Kaseya,https://www.linkedin.com/company/kaseya/,,"Kaseya is the leading global provider of AI-powered IT management and cybersecurity software. Its Kaseya 365 platform is purpose-built to meet the demands of multifunctional IT professionals, offering a unified solution to manage infrastructure, secure endpoints, back up critical data and streamline operations...",Software Development,"Miami, FL"
Amazon Fulfillment Technologies & Robotics,https://www.linkedin.com/company/amazon-fulfillment-technologies-robotics/,,".... This includes our fleet of autonomous mobile robots, sophisticated control software, and technologies like language perception, machine learning, object...",Software Development,"North Reading, MA"
Hexagon Asset Lifecycle Intelligence,https://www.linkedin.com/company/hexagonassetlifecycleintelligence/,,"...Intelligence division is part of Hexagon (Nasdaq Stockholm: HEXA B; Hexagon.com), a global leader in sensor, software, and autonomous solutions whose technologies...",Software Development,"Madison, AL"
BigRio,https://www.linkedin.com/company/bigrio/,,"We Build AI, Data Hubs, and Modern Software",Software Development,"Boston, MA"
ArhamSoft (Pvt) Ltd,https://www.linkedin.com/company/arhamsoft-pvt-ltd/,,"Established in 2007, ArhamSoft Pvt. Ltd had a humble beginning as a Web/Mobile Applications and Search Engine Optimization services provider globally. After a decade of successful presence, we have been recognized as one of the leading software houses in Pakistan and extend the range of our services by adding social...",Software Development,"New York, NY"
Keka HR,https://www.linkedin.com/company/keka-hr/,,"Here's our story.    It all began with the frustration of using software that sucks. Prior to Keka, our core team was a 100 person business that needed an easy to use software for managing employees. We looked everywhere and all we found was software that was difficult and tedious to use. We felt SMBs deserved...",Software Development,"Seattle, Washington"
ZAPTA Technologies (Pvt.) Limited,https://www.linkedin.com/company/zaptatech/,,"ZAPTA Technologies is an AI-driven software design and development company that partners with startups, enterprises, and funded ventures to deliver tailored...",Software Development,"Houston, Texas"
Ivanti,https://www.linkedin.com/company/ivanti/,,"Ivanti is a global enterprise IT and security software company dedicated to unlocking human potential by managing, automating and protecting data and systems to empower continuous innovation. With adaptable software solutions tailored to customer needs, Ivanti empowers IT and security teams to enhance operational...",Software Development,"South Jordan, UT"
Paylocity,https://www.linkedin.com/company/paylocity/,," Paylocity (NASDAQ: PCTY) is an award-winning provider of cloud-based HR, payroll and spend management software solutions.   At Paylocity, we’re more than a leading HR, payroll, and spend management technology provider—we’re a company driven by a simple truth: People matter most.   Since 1997, we’ve been partnering...",Software Development,"Schaumburg, Illinois"
thinkbridge,https://www.linkedin.com/company/thinkbridgenow/,,"The year was 2014. Software development was becoming increasingly commoditized. Speed and cost issues were taking priority over strategy, execution, and long...",Software Development,"Austin, Texas"
WalkMe,https://www.linkedin.com/company/walkme/,,...as an invisible layer of visual cues and personalized content placed on top of your website or enterprise software.   WalkMe’s DAP is used by thousands...,Software Development,"San Francisco, California"
Yardi,https://www.linkedin.com/company/yardi/,,"Yardi is dedicated to the design, development, and support of real estate investment management and property management software. We offer full business solutions for every real estate market, including multifamily, single family, affordable, public, senior and military housing as well as office, industrial...",Software Development,"Santa Barbara, CA"
Planet,https://www.linkedin.com/company/planet-labs/,,"...of imaging satellites, as well as online software, tools and analytics needed to deliver data to users. Decision makers in business, government, and within...",Software Development,"San Francisco, California"
Flexera,https://www.linkedin.com/company/flexera/,,Specialties: Software License Optimization,Software Development,"Itasca, Illinois"
Acquia,https://www.linkedin.com/company/acquia/,,The Open Digital Experience Company • Specialties: Drupal Software-as-a-Service,Software Development,"Boston, MA"
Articulate,https://www.linkedin.com/company/articulate/,,"Articulate develops e-learning software, content, and resources that change the way the world learns.   More than 120,000 organizations worldwide, including all 100 of the Fortune 100, have created millions of courses using our online training platform, Articulate 360.   With Articulate 360, e-learning developers get...",Software Development,New York
Bandwidth Inc.,https://www.linkedin.com/company/bandwidth-inc/,,Bandwidth is the universal communications platform that simplifies how businesses deliver integrated global experiences. It's flexible and ready to integrate with your entire communications stack. It's built on our own global network for unmatched reliability. And it's grounded in both telecom and real-world software...,Software Development,"Raleigh, North Carolina"
SS&C Blue Prism,https://www.linkedin.com/company/blue-prism-limited/,,"SS&C Blue Prism fuels the world’s most complex businesses with agentic automation that’s trusted, tested and ready to run. Backed by SS&C Technologies, a $25 billion enterprise, we fuse advanced AI-driven software with deep industry expertise to turn agentic from idea to impact.   Our agents operate where it matters...",Software Development,"Windsor, Connecticut"
Tricentis,https://www.linkedin.com/company/tricentis/,,"Tricentis is a global leader in AI-augmented software quality. The Tricentis AI-based, continuous testing and quality engineering portfolio of products provide a new and fundamentally different way to perform software testing. An approach that’s totally automated, fully codeless, and intelligently driven by AI...",Software Development,"Austin, Texas"
Brain Station 23,https://www.linkedin.com/company/brainstation-23/,,"...into the future. With expertise spanning software development, cloud computing, enterprise-grade mobile applications, AI and machine learning, and blockchain technology...",Software Development,"Springfield, VA"
Exadel,https://www.linkedin.com/company/exadel/,,Exadel is a leading global software consulting and development company that looks beyond the code to maximize the technology-driven business impact...,Software Development,"Walnut Creek, California"
Hudl,https://www.linkedin.com/company/hudl/,,"...of practices and games, powering the industry's ecosystem of film review, recruiting, scouting and more. Our trusted software layers data and analytics onto video...",Software Development,"Lincoln, NE"
Palmetto,https://www.linkedin.com/company/palmetto/,,"...to adopt renewable energy through simple, scalable, and innovative solutions.  We operate at the intersection of B2B and D2C, offering software, financial tools...",Software Development,"Charlotte, North Carolina"
VelocityEHS,https://www.linkedin.com/company/velocityehs/,,"VelocityEHS is the global leader in EHS & Sustainability software, protecting 10+ million workers worldwide. Our Accelerate® Platform—powered by VelocityAI—delivers the future of workplace safety with human-led intelligence across Safety, Ergonomics, Chemical Management, Operational Risk, and more.   Built...",Software Development,"Chicago, IL"
Responsive,https://www.linkedin.com/company/responsiveio/,,"Responsive is the global leader in Strategic Response Management software, transforming how organizations share and exchange critical information. The AI-powered Responsive Platform is purpose-built to manage responses at scale, empowering companies across the world to accelerate growth, mitigate risk, and improve...",Software Development,"Frisco, Texas"
Altium®,https://www.linkedin.com/company/altium/,,Electronics design software for next-generation technologies.,Software Development,"La Jolla, California"
JFrog,https://www.linkedin.com/company/jfrog-ltd/,,On a mission to create a world of software delivered without friction from developer to device.,Software Development,"Sunnyvale, CA"
innRoad,https://www.linkedin.com/company/innroad-inc/,,"innRoad is a Software-as-a-Service (SaaS) hotel software solution that seamlessly integrates property management, global distribution, bookings and marketing–all on a single, easy-to-use platform designed exclusively for independent hoteliers, small hotel chains and hotel management companies.",Software Development,"New York, New York"
Internet Brands,https://www.linkedin.com/company/internet-brands/,,"...more than 250 million monthly visitors and include WebMD, Avvo, CarsDirect, and Fodor's Travel. Meanwhile, our range of web presence software products...",Software Development,"El Segundo, CA"
AccountantsWorld By IRIS,https://www.linkedin.com/company/accountantsworld/,,"Since 2000, AccountantsWorld By IRIS is a leader in providing HR and payroll software for accountants and CPA firms. Our solutions put accountants in control and help them strengthen their client relationships and raise their profits.  Our award-winning Payroll Relief solution includes everything you need for a high...",Software Development,"Hauppauge, NY"
Momentus Technologies,https://www.linkedin.com/company/momentustechnologies/,,Make it momentus • Specialties: Event management software,Software Development,"St Louis, MO"
Katalon,https://www.linkedin.com/company/katalon/,,"Katalon is your AI-augmented test management platform that enables quality assurance, DevOps and software teams of any size to deliver world-class customer experiences.   Companies like yours rely on Katalon to support their AI-augmented development practices with AI-native software testing.  Using Katalon, your teams...",Software Development,"Atlanta, Georgia"
Workable,https://www.linkedin.com/company/workable-software/,,"...for on-the-go management and outstanding customer support. Our software is trusted by over 30,000 companies in more than 100 countries, helping them build high...",Software Development,"Boston, Massachusetts"
Wind River,https://www.linkedin.com/company/wind-river/,,"Leader in delivering software for the intelligent edge, with technology in billions of devices.",Software Development,"Walnut Creek, California"
LambdaTest,https://www.linkedin.com/company/lambdatest/,,"...Selenium, Appium, Playwright, and all major frameworks. AI Agents like HyperExecute and KaneAI bring the power of AI and cloud into your software testing...",Software Development,"San Francisco, California"
Tech9,https://www.linkedin.com/company/tech9/,,"World-class software solutions built by embedded experts, delivered seamlessly with clarity, trust, and consistency.",Software Development,"Lehi, Utah"
Docsumo 📄,https://www.linkedin.com/company/docsumoai/,,Document AI software to make accurate decisions from unstructured documents.,Software Development,New York
Cognite,https://www.linkedin.com/company/cognitedata/,,"Cognite is a global industrial Software-as-a-Service (SaaS) leader, with an eye on the future and a drive to digitalize the industrial world.   We’ve created a new class of industrial software which allows asset-intensive industries to operate more sustainably, securely, and efficiently.   Our core software product...",Software Development,"Tempe, Arizona"
CoreTek Labs,https://www.linkedin.com/company/coreteklabs/,,Your AI Focused Technology Partner for Software Engineering & Innovation!,Software Development,"Bellevue, Washington"
Relativity,https://www.linkedin.com/company/relativityhq/,,"At Relativity, we make software to help users organize data, discover the truth, and act on it. Our SaaS product, RelativityOne, manages large volumes of data and quickly identifies key issues during litigation and internal investigations. We have more than 300,000 users in approximately 40 countries serving thousands...",Software Development,"Chicago, IL"
Solera Fleet Solutions,https://www.linkedin.com/company/solerafleetsolutions/,,Solera Fleet Solutions offers the only complete fleet intelligence software platform. Serving the largest for-hire and private fleets in the transportation...,Software Development,"Westlake, Texas"
KANINI,https://www.linkedin.com/company/kanini/,,Redefining Excellence. Your Partner in Sustainable Software Development.,Software Development,"Nashville, Tennessee"
Liferay,https://www.linkedin.com/company/liferay-inc-/,,Build digital solutions your way using the world's most flexible digital experience platform • Specialties: software,Software Development,"Diamond Bar, CA"
Adit,https://www.linkedin.com/company/grow-with-adit/,,"All-in-one Software Platform Elevating Practices Towards Efficiency, Growth and Excellent Patient Care.",Software Development,Remote
CallHub,https://www.linkedin.com/company/callhub.io/,,...of communication tools helps facilitate this.   Our call center software enables unlimited agents to connect with people over a call to have personalized one-on-one...,Software Development,"Washington, District of Columbia"
Vertex Inc.,https://www.linkedin.com/company/vertex-inc./,,"..., comply and grow with confidence.   Our software, content and services address the increasing complexities of global commerce and compliance by reducing friction, enhancing transparency and enabling greater confidence in meeting indirect tax obligations. As a result, our software is ubiquitous within our customers...",Software Development,"King of Prussia, PA"
"KMS Technology, Inc.",https://www.linkedin.com/company/kms-technology/,,KMS is a strategic product development partner helping businesses turn bold ideas into high-impact software - faster. Our mission is to accelerate innovation...,Software Development,"Atlanta, Georgia"
CloudBees,https://www.linkedin.com/company/cloudbees/,,"The most open and flexible enterprise DevOps solution.  CloudBees enables enterprises to deliver scalable, compliant, and secure software, empowering...",Software Development,"San Jose, California"
Feufo,https://www.linkedin.com/company/feufo/,,AI-powered software for skill verification and hiring automation,Software Development,"Dover, Delaware"
Fieldwire by Hilti,https://www.linkedin.com/company/fieldwirebyhilti/,,The all-in-one jobsite management software for field to office communication.,Software Development,"San Francisco, California"
AssetWorks Inc,https://www.linkedin.com/company/assetworks-inc/,,"..., reduce operational complexity, and manage regulatory and policy-driven risk.  Leveraging a comprehensive portfolio of software and consulting solutions...",Software Development,"Wayne, PA"
SmartBear,https://www.linkedin.com/company/smartbear/,,"SmartBear is pioneering innovation in software quality, embracing AI’s transformative potential. The company’s solutions, powered by SmartBear AI, give software development teams around the world visibility and automation that provide end-to-end quality.  SmartBear is trusted by over 16 million developers, testers...",Software Development,"Somerville, MA"
Housecall Pro,https://www.linkedin.com/company/housecallpro/,,"..., and more profitable.  But we’re more than just software—we’re a movement. We #ChampionTheTrades by providing the tools, resources, training, and community...",Software Development,"Denver, Colorado"
Ascendion,https://www.linkedin.com/company/ascendion/,,A leading provider of AI-first software engineering services,"Technology, Information and Internet","Basking Ridge, NJ"
Komodo Health,https://www.linkedin.com/company/komodo-health/,,...Health software platform provides access to a broader array of healthcare stakeholders in over fifty therapeutic areas. Our comprehensive Healthcare Map™ helps...,Software Development,"New York, NY"
"Stem, Inc.",https://www.linkedin.com/company/stem-inc/,,"...energy assets. Our integrated software suite, PowerTrack, is the industry-standard and best-in-class for asset monitoring, supported by professional and managed...",Software Development,"Houston, Texas"
Eton Solutions LP,https://www.linkedin.com/company/eton-solutions/,,"Eton Solutions is an ERP software product (AtlasFive and EtonAI) and services company founded to handle the complexities of servicing Family Offices, Wealth...",Software Development,"Morrisville, North Carolina"
BairesDev,https://www.linkedin.com/company/bairesdev/,,"BairesDev is your expert partner that works alongside clients to build high-quality software solutions with speed and precision.  It's our mission to generate lasting value by tackling our clients’ business challenges. Drawing on the top 1% of tech talent from the Americas and the Caribbean, our team executes scalable...",IT Services and IT Consulting,"San Francisco, California"
Entrata,https://www.linkedin.com/company/entratasoftware/,,"Founded in 2003, Entrata® is the only comprehensive property management software provider with a single-login, open-access platform. Offering a wide variety...",Software Development,"Lehi, UT"
BayOne Solutions,https://www.linkedin.com/company/bayone-solutions/,,"BayOne is a minority-owned Technology and Talent Solutions Partner with a global footprint, headquartered in the San Francisco Bay Area. We excel at bridging talent and technology gaps, building strong teams in Project & Program Management, Cloud Computing, IT Infrastructure, Big Data, Software Engineering, User...",IT Services and IT Consulting,"Pleasanton, CA"
Strategic Systems International,https://www.linkedin.com/company/strategic-systems-international/,,An advanced analytics and software engineering firm that builds data-driven applications for tech companies,Software Development,"Chicago, IL"
Eagleview,https://www.linkedin.com/company/eagleview-technologies-inc/,,"Geospatial software, aerial imagery and analytics",Software Development,"Rochester, New York"
Locus Technologies,https://www.linkedin.com/company/locus-technologies/,,"Locus Technologies is the only scientist-driven software company at the nexus of analytical and field data management, Environmental, Health, and Safety (EHS) compliance, and sustainability. Locus software manages air, water, waste, energy, emissions, site, and incident data within a configurable platform for risk...",Software Development,"Mountain View, CA"
ClearCompany,https://www.linkedin.com/company/clearcompany-talent-management-software/,,"ClearCompany is a full-spectrum Talent Management platform designed to enhance every step of the employee lifecycle. Featuring a best-in-class ATS and LMS, our unique approach puts a company's mission at the center of every client’s people processes. As the only HR software provider unifying Recruiting, Onboarding...",Software Development,"Lewiston, Maine"
Xebia,https://www.linkedin.com/company/xebia/,,"Xebia is a globally recognized leader in consulting, software engineering, and training, helping organizations advance in an AI-driven world. For more than 25 years, we have partnered with enterprises to drive innovation, create new opportunities, and gain competitive advantage.   With a team of over 5,500 Xebians...",IT Services and IT Consulting,"Atlanta, Georgia"
NLB Services,https://www.linkedin.com/company/nlb-services/,,"Founded in 2007, NLB Services is one of the fastest-growing global providers of IT staffing, digital workforce solutions, and technology talent services. We help organizations scale with Data & AI talent, Cloud & Infrastructure, Software & Product Engineering expertise, delivering transformative outcomes across...",IT Services and IT Consulting,"Alpharetta, Georgia"
Xoriant,https://www.linkedin.com/company/xoriant/,,"For over 35 years, Xoriant has been a trusted digital engineering specialist helping Fortune 500 companies accelerate their journey to becoming Software...",IT Services and IT Consulting,"Sunnyvale, CA"
Mitchell Martin Inc.,https://www.linkedin.com/company/mitchell-martin/,,"..., software engineering to healthcare, finance, legal, and beyond. Whether it’s a short-term contract, a permanent placement, or building a full project team...",Staffing and Recruiting,"New York, New York"
HackerRank,https://www.linkedin.com/company/hackerrank/,,Change the world to value skills over pedigree • Specialties: Recruiting Software,Software Development,"Cupertino, California"
React Jobs,https://www.linkedin.com/company/react-jobs/,,"...of the incredible things people are saying about us:  ""Thanks for all you do. I owe this phase of my career to it.""  - Anthony Bullard, Software Engineer at Google  ""Super cool to have you direct message me about jobs!"" - Adrian Mui, Application Team Lead  ""I'm a long-time follower"" - Eugene Kagan, Senior Software...",Staffing and Recruiting,"Tampa, Florida"
Stack Overflow,https://www.linkedin.com/company/stack-overflow/,,Stack Overflow empowers the world to develop technology through collective knowledge • Specialties: Software Engineering,Software Development,"New York, NY"
Hyqoo,https://www.linkedin.com/company/hyqoocom/,,"Hyqoo (Hi-Q) is a Talent Cloud Platform providing global, remote, vetted talent on demand across Data, Cloud, Cybersecurity, Software, and Product Engineering. To learn more about Hyqoo, please visit https://www.hyqoo.com.",IT Services and IT Consulting,"Basking Ridge, New Jersey"
BlackStone eIT,https://www.linkedin.com/company/blackstoneeit/,,"Blackstone eIT is a leading System Integrator (SI) and Independent Software Vendor (ISV), globally dedicated to engineering transformative enterprise solutions and intelligent design. Our core focus is on delivering innovative, customized technology that enables clients to evolve into digital-first, data-informed...",IT Services and IT Consulting,"Seattle, Washington"
Daxko,https://www.linkedin.com/company/daxko/,,"...and wellness centers worldwide trust Daxko’s software solutions to optimize operations and elevate member experiences.   - 25 million+ members globally are served by Daxko's technology and support solutions.   - 55 countries benefit from Daxko's software and services, promoting wellness globally and fostering healthier...",Software Development,"Birmingham, AL"
GEP Worldwide,https://www.linkedin.com/company/gep-worldwide/,,"A Global Supply Chain Software, Strategy Consulting and Managed Services Firm | Leader in AI-Powered Transformation",Business Consulting and Services,"Clark, New Jersey"
Recruit CRM,https://www.linkedin.com/company/recruitcrm/,,All-in-one Software for Recruitment & Headhunting/Executive Search Firms.  Trusted by agencies in more than 100 countries.  Recruit CRM builds cloud-based software for the global Recruitment & Staffing industry. We are on a mission to help recruitment firms grow faster with cutting-edge technology.   Recruit CRM helps...,Software Development,"Norwood, New Jersey"
"Fast Enterprises, LLC",https://www.linkedin.com/company/fast-enterprises/,,Tech innovators implementing award-winning software for modern governments,Software Development,"Centennial, CO"
Flexton Inc.,https://www.linkedin.com/company/flexton-inc/,,"...complex business problems and derive maximum benefits from it.  Our primary business entails rendering software development & consulting, staffing of qualified...",IT Services and IT Consulting,"San Jose, California"
Infojini Inc,https://www.linkedin.com/company/infojini-inc/,,"Infojini Inc. delivers innovative IT Services and Solutions to empower startups, Fortune 500 companies, and global enterprises. With 19+ years of experience, we help bridge the gap between ideas and reality through modern, scalable, and secure technologies.  What We Do  ✨ Software Engineering & App Development: ADA...",IT Services and IT Consulting,"Columbia, Maryland"
Peloton Interactive,https://www.linkedin.com/company/peloton-interactive-/,,"Peloton is at the forefront of connected fitness, with a powerful and thriving community with Members across the US, UK, Canada, Germany, and Australia.  Peloton brings together the best equipment, software, content, and instructors to make fitness accessible, effective, and convenient for everyone, while fostering...",Wellness and Fitness Services,New York
Global Payments Inc.,https://www.linkedin.com/company/global-payments/,,"At Global Payments (NYSE : GPN), we empower simple, fast, secure payments for everyone. And to do that, we’ve built a complete, worldwide commerce ecosystem that delivers software and services at scale to millions of companies around the world—from ambitious startups to global enterprises.  Our team of 27,000 experts...",Financial Services,"Atlanta, Georgia"
Avature,https://www.linkedin.com/company/avature/,,"Pioneer of CRM technology for recruiting, Avature is a highly configurable enterprise SaaS platform for talent acquisition and talent management that drives innovation in the HCM software space. Founded by Dimitri Boylan, Avature empowers the leading-edge HR strategies of top industry enterprise companies worldwide...",Software Development,"New York, New York"
Workday Adaptive Planning,https://www.linkedin.com/company/adaptive-insights/,,Software for people who plan.,Software Development,"Pleasanton, California"
Datadog,https://www.linkedin.com/company/datadog/,,"Datadog provides cloud-scale monitoring and security for metrics, traces and logs in one unified platform • Specialties: Software",Software Development,"New York, NY"
Postman,https://www.linkedin.com/company/postman-platform/,,Postman is the world's leading API platform trusted by 40 million users • Specialties: software,Software Development,"San Francisco, California"
Torc Robotics,https://www.linkedin.com/company/torc-robotics/,,"Torc Robotics is a leading autonomous vehicle software company, developing automated Level 4, Class 8 trucks w Daimler.",Software Development,"Blacksburg, VA"
Wizehire,https://www.linkedin.com/company/wizehire/,,"Wizehire is an award-winning, end-to-end hiring platform that marries innovative software with the hands-on expert support you need to grow your team with confidence. Since 2014, Wizehire has been leveling the playing field for growing businesses with our people-first approach to recruiting, engaging, and onboarding...","Technology, Information and Internet","Houston, TX"
Birdeye,https://www.linkedin.com/company/birdeye/,,#1 Agentic Marketing Platform forMulti-location Brands • Specialties: Online Reputation Software,Software Development,"Palo Alto, California"
10Pearls,https://www.linkedin.com/company/10pearls/,,"...expertise in ‎product management, user experience/design, cloud architecture, software development, data insights ‎and intelligence, cybersecurity, emerging...",IT Services and IT Consulting,"Vienna, Virginia"
FlytBase,https://www.linkedin.com/company/flytbase/,,Leading Drone Autonomy Software Platform for Drone Dock Operations.,Software Development,"San Jose, California"
apexanalytix,https://www.linkedin.com/company/apex-analytix/,,"...that customers control – for good.  To create a future where there is… FREEDOM from software tyrants that dictate solutions, …so that the world’s buyers can build...",Software Development,"Greensboro, NC"
Visdum,https://www.linkedin.com/company/visdum/,,Easiest to Use Sales Commission Software,Software Development,"Wilmington, Delaware"
Cloudbeds,https://www.linkedin.com/company/cloudbeds/,,Powering the world's most ambitious hoteliers • Specialties: Software,Hospitality,"San Diego, California"
iRely,https://www.linkedin.com/company/irely/,,"iRely provides best-in-class software for commodity management, petroleum distribution, retail, and agriculture.",Software Development,"Irving, Texas"
VARITE INC,https://www.linkedin.com/company/varite/,,"...sciences, semiconductor, and engineering companies to provide software consulting, team augmentation and key business process outsourcing.  VARITE has ranked #124...",Information Technology & Services,"San Jose, California"
Schweitzer Engineering Laboratories (SEL),https://www.linkedin.com/company/sel/,,"SEL is a globally recognized designer and manufacturer of products and solutions that make electric power safer, more reliable, and more economical.   Legacy  Over forty years after introducing the first digital protective relay, our devices, software, and systems are found in 173 countries around the world...",Utilities,"Pullman, WA"
Resmed,https://www.linkedin.com/company/resmed/,,"We believe shaping a better world starts with better sleep and breathing, which is why we pioneer innovative solutions to help millions of people in more than 140 countries around the world live happier, healthier lives. Our AI-powered digital health solutions, cloud-connected devices and intelligent software make...",Medical Equipment Manufacturing,"San Diego, CA"
Zycus,https://www.linkedin.com/company/zycus/,,Unlock #DeepValueProcurement with our Merlin Agentic AI-powered Source-to-Pay platform • Specialties: Source-to-Pay Procurement Software Suite,Software Development,"Princeton, NJ"
Cohesity,https://www.linkedin.com/company/cohesity/,,Specialties: Software,Software Development,"Santa Clara, California"
insightsoftware,https://www.linkedin.com/company/outcomes-by-insightsoftware/,,Connected Solutions for the Office of the CFO​ • Specialties: MRI Software,Software Development,"Raleigh, North Carolina"
Veryon,https://www.linkedin.com/company/veryonplatform/,,"Veryon is the leading provider of aviation software and information services, trusted by over 5,500 customers, 75,000 maintenance professionals, and more than 100 OEMs in nearly 150 countries. Powered by the world's largest de-identified aviation maintenance dataset, which contains over 80 million events...",Software Development,"San Francisco, California"
Ansys Structures,https://www.linkedin.com/company/structural-analysis/,,"The Ansys structural analysis software suite enables you to solve complex structural engineering problems and make better, faster design decisions.",Software Development,"Canonsburg, PA"
SimplePractice,https://www.linkedin.com/company/simplepractice/,,"Join over 250,000 Health and Wellness professionals in growing their private practice with SimplePractice. The only practice management software that allows you to go fully virtual, in-office, or anywhere in-between. Integrated with telehealth, online booking, paperless intakes, and more.",Software Development,"Santa Monica, California"
Applied Systems,https://www.linkedin.com/company/applied-systems/,,"For more than 40 years, Applied Systems has created innovative technology for the global insurance industry. Today, we are a rapidly growing cloud software leader that is revolutionizing the way insurance agencies and brokers succeed.   We are smart and curious people in a tech-first environment that champions bold...",Software Development,"Chicago, Illinois"
Mediaocean,https://www.linkedin.com/company/mediaocean/,,"Mediaocean is powering the future of the advertising ecosystem with technology that empowers brands and agencies to deliver impactful omnichannel marketing experiences. With over $200 billion in annualized ad spend running through its software products, Mediaocean deploys AI and automation to optimize investments...",Software Development,"New York, NY"
Razer Inc.,https://www.linkedin.com/company/razer/,,"..., software and services.  Razer’s award-winning hardware includes high-performance gaming peripherals and Blade gaming laptops. Razer’s software platform...",Computers and Electronics Manufacturing,"Irvine, CA"
Rexus Group,https://www.linkedin.com/company/rexus-group/,,"Rexus is a global IT Infrastructure Consulting and services company, offering IT Infrastructure services support across IT Domain. i.e. Global Manage Services, IT Professional Services, Software Development, Artificial Intelligence, Automation, etc.    The USP – Rexus provides technology & vendor agnostic solutions...",IT Services and IT Consulting,"Wilmington, Delaware"
The Linux Foundation,https://www.linkedin.com/company/the-linux-foundation/,,A nonprofit organization enabling mass innovation through open source • Specialties: Software,Software Development,"San Francisco, CA"
ŌURA,https://www.linkedin.com/company/oura/,,"..., software development, machine learning, bioscience, sleep, industrial and UX design, production, marketing and customer experience.  We always strive to learn...",Wellness and Fitness Services,"San Francisco, California"
Bottomline,https://www.linkedin.com/company/bottomline-payments/,,Specialties: Enterprise financial software,Software Development,"Portsmouth, NH"
"Integrant, Inc.",https://www.linkedin.com/company/integrant-inc/,,Custom software development. People-to-people focused. Solution-oriented. Food is our language.,Software Development,"San Diego, California"
Procore Technologies,https://www.linkedin.com/company/procore-technologies/,,Powering Data-Driven Construction • Specialties: Construction Software,Software Development,"Carpinteria, CA"
Tech Firefly,https://www.linkedin.com/company/techfirefly/,,"...your customers to make. Our services include:  -Software Development including IOS, C++ and Java Applications -Usability Testing for Hardware and IoT Devices -Testing product features with a focus on the customer experience and usability -Performing QA of internal apps, external apps and software before downstream and end...",Information Technology & Services,"Santa Clara, CA"
Accion Labs,https://www.linkedin.com/company/accionlabs/,,"..., Zinnov Zones and HFS have recognized Accion Labs for its Generative AI services, Software Product Engineering services, and Engineering Research & Development...",Information Technology & Services,"Bridgeville, Pennsylvania"
Microsoft AI Cloud Partner Program,https://www.linkedin.com/company/microsoft-cloud-partner-program/,,"The Microsoft AI Cloud Partner Program provides a comprehensive portfolio of investments for all partner business models, at every stage of maturity, from startups to independent software vendors, services to device partners. With program benefits that scale across the breadth of Microsoft AI Cloud solutions...",Information Technology & Services,"Redmond, Washington"
Tkxel,https://www.linkedin.com/company/tkxel/,,We Engineer AI-Powered Software Solutions,IT Services and IT Consulting,"Reston, VA"
Weave,https://www.linkedin.com/company/getweave/,,"...touchpoint in between, Weave connects the entire customer journey. Weave’s software solutions transform how healthcare businesses attract, communicate with, and engage...",Software Development,"Lehi, Utah"
Automation Anywhere,https://www.linkedin.com/company/automation-anywhere/,,Enterprise AI Agents for every business process • Specialties: Automation Software,Software Development,"San Jose, CA"
Talkdesk,https://www.linkedin.com/company/talkdesk/,,Modern customer service. Your way • Specialties: Computer Software,Software Development,"San Francisco, CA"
Pepper,https://www.linkedin.com/company/pepperinc/,,Specialties: content marketing software,Software Development,"San Francisco, California"
Fleetio,https://www.linkedin.com/company/fleetio/,,"Our software helps organizations around the world track, analyze and improve their fleet operations. We're passionate about making it easy to manage a fleet...",Software Development,"Birmingham, AL"
GeorgiaTEK Systems Inc.,https://www.linkedin.com/company/georgiatek-systems-inc/,,"...and package software deployment, network services, and training.",Information Technology & Services,"Edison, New Jersey"
Vista Equity Partners,https://www.linkedin.com/company/vista-equity-partners/,,Vista Equity Partners (Vista) is a leading global technology investor specializing in software. Through its private market strategies — private equity...,Financial Services,"Austin, TX"
"Techaxis, Inc",https://www.linkedin.com/company/techaxisinc/,,"..., sustainability and operations. We support a wide range of industries in each of these domains. Our clients include software startups, large IT services firm...",Staffing and Recruiting,"Ashburn, Virginia"
Workrise,https://www.linkedin.com/company/workrise/,,"Workrise is now RigUp.  www.linkedin.com/company/rigup  RigUp is the source-to-pay solution built for energy. By combining purpose-built software with expert teams, we empower the world’s leading energy companies and their suppliers to work better, together.   Learn more about how RigUp is equipping everyone...",Software Development,"Austin, Texas"
Axon,https://www.linkedin.com/company/axon-protect-life/,,"Axon is the global leader in public safety technology, relentlessly innovating to protect more lives in more places.  We’re transforming public safety by building advanced devices, intelligent software and AI that protect life. Our ecosystem supports everyone who takes on the responsibility of public safety...",Public Safety,"Scottsdale, AZ"
Talentify.io,https://www.linkedin.com/company/talentify-io/,,Guaranteed Better Job Advertising Results! Guided by Data & Optimized by AI • Specialties: Recruitment Marketing Software,Software Development,"Orlando, Florida"
CodeVyasa,https://www.linkedin.com/company/code-vyasa/,,CodeVyasa is a Software Engineering company that works with Early-stage & Mid-Market Product companies.,Information Technology & Services,"Jacksonville, Florida"
QuestionPro,https://www.linkedin.com/company/questionpro/,,"With over 2.5 million users across 40 countries, we are a leading provider of online survey software that allows our users to generate the insights they need to make better business decisions. Our software includes not only tools for creation, distribution, and analysis of surveys, but also provides a platform...",Software Development,"Austin , Texas"
Suffescom Solutions Inc,https://www.linkedin.com/company/suffescom/,,"Suffescom Solutions INC is a award winning software/app development company. We specialize in creating custom apps that bring clients tangible and measurable results to help grow their business and enhance their brand.  Our app designs are user-friendly and creative, while remaining functional. For us, every new...",Software Development,"New York, NY"
Haptiq,https://www.linkedin.com/company/haptiqtech/,,"Profitable growth and scalable solutions at your fingertips.  Unlock your business potential with Haptiq – where insight meets innovation. We offer a nuanced understanding of your company's performance and know exactly how to leverage technology for sustained growth. Through our suite of software, digital solutions...",Software Development,"New York, NY"
Interview Kickstart,https://www.linkedin.com/company/interview-kickstart/,,"Recognized by TIME x Statista and GSV 150, Interview Kickstart helps talent and teams turbocharge careers and impact in the AI era. With 700+ FAANG instructors who have already helped scale careers of 25000+ software engineers, PMs, data scientists, and tech leaders. We combine cutting-edge upskilling with end-to-end...","Wilmington, Delaware",
Sphera,https://www.linkedin.com/company/sphera/,,"Sphera creates a safer, more sustainable and productive world.   We are the leading provider of Enterprise Sustainability Management (ESM) performance and risk management software, data and consulting services focusing on Environment, Health, Safety & Sustainability (EHS&S), Operational Risk Management (ORM), Product...",IT Services and IT Consulting,"Chicago, Illinois"
.efficiently,https://www.linkedin.com/company/efficientlyhq/,,".efficiently is your Productivity Partner, empowering teams with tools and solutions to streamline complex workflows, enhance collaboration, and eliminate inefficiencies.  Our workforce solutions and software help businesses maximize productivity and accelerate growth with minimal wasted effort or expense.  Transform...",Business Consulting and Services,Delaware
BrightEdge,https://www.linkedin.com/company/brightedge/,,"The industry's first and only SEO solution to give marketers real-time research, recommendations, and rankings • Specialties: SaaS/Software",Software Development,"Foster City, CA"
IXL Learning,https://www.linkedin.com/company/ixl-learning/,,"...challenges to continually improve our product really keeps me engaged in my work."" - Jestin Ma, Software Engineer",E-Learning Providers,"San Mateo (San Francisco Bay Area), CA"
Dash Technologies Inc.,https://www.linkedin.com/company/dashtechnologiesinc/,,We don't just engineer software solutions! We partner up.,Software Development,"Dublin, Ohio"
PieCyfer,https://www.linkedin.com/company/piecyfer/,,Global Custom Software Development Solutions & Consultancy,Software Development,"San Mateo, California"
Gigster,https://www.linkedin.com/company/gigster/,,We build software tailored to your needs.,Software Development,"San Antonio, Texas"
Open Robotics,https://www.linkedin.com/company/open-source-robotics-foundation/,,Creating open software and hardware platforms for robotics,Research Services,"Mountain View, California"
TECEZE,https://www.linkedin.com/company/teceze/,,".... Device as a Service (DaaS) Simplified lifecycle management for laptops, desktops, and mobile devices, bundling hardware, software, and support under one predictable monthly cost.   7. Procurement as a Service Strategic sourcing and vendor coordination for IT hardware and software optimizing cost, warranty coverage...",Computer and Network Security,"Chicago, Illinois"
Everbridge,https://www.linkedin.com/company/everbridge/,,Specialties: Security Software,Software Development,"Vienna, Virginia"
PureLogics,https://www.linkedin.com/company/purelogics/,,No Magic. Just Logic • Specialties: custom software development,Software Development,"New York, NY"
Deltacubes,https://www.linkedin.com/company/deltacubes/,,"...industry experience, impart knowledge across a wide range of technologies.  🌟 What Sets Us Apart 🌟  🌐 Remote Software Bench Resources: Explore endless possibilities with our remote bench of software professionals, readily available to tackle project assignments and temporary staffing needs.  🌟 On-Demand Software Talent: Instantly...",Information Technology & Services,"Pennsville Township, New Jersey"
BambooHR,https://www.linkedin.com/company/bamboohr/,,HR Software with Heart,Human Resources Services,"Draper, Utah"
Jotform,https://www.linkedin.com/company/jotform/,,Go from busywork to less work with our powerful forms and suite of productivity tools • Specialties: productivity software,Software Development,"San Francisco, California"
Radiant Systems Inc,https://www.linkedin.com/company/radiantsystemsinc/,,"Radiant Systems, Inc. | Global Software & Staffing Solutions Since 1995  Founded in 1995, Radiant Systems, Inc. is a leading global software and services provider specializing in Staff Augmentation, SOW, Consulting, and Payrolling. Headquartered in Plainsboro, NJ, we operate 10 offices across the USA with a strong...",IT Services and IT Consulting,"Plainsboro, New Jersey"
Devsu,https://www.linkedin.com/company/devsu/,,"Devsu is a technology agency that provides software development services, IT augmentation and staffing.",Software Development,"Orlando, FL"
Braze,https://www.linkedin.com/company/braze/,,Braze is the leading customer engagement platform that empowers brands to Be Absolutely Engaging.™ • Specialties: software,Software Development,"New York, New York"
Engineer.ai,https://www.linkedin.com/company/engineer.ai/,,"Engineer.ai is a platform for building bespoke software using AI and a library of building blocks to democratize software development; making it faster, more accessible and less expensive for everyone.",Software Development,"Los Angeles, California"
Fullbay,https://www.linkedin.com/company/fullbay/,,"Fullbay is cloud-based shop management software built specifically for heavy duty repair shops. We are changing the industry so shop owners and their technicians can get more done in less time and have a life outside the shop. For career opportunities, please visit fullbay.com/careers.",Software Development,"Phoenix, AZ"
"Trilyon, Inc.",https://www.linkedin.com/company/trilyon/,,...landscape.  Our comprehensive service offerings include:  AI & Generative AI Solutions  Custom Software & Application Development  Data Analytics & IoT  Cloud...,IT Services and IT Consulting,"Cupertino, California"
Calfus Inc.,https://www.linkedin.com/company/calfusinc/,,"Calfus is a modern software engineering and AI services company purpose-built for the enterprise. We partner with forward-thinking organizations to design, build, and scale intelligent software systems that drive business transformation.  From cloud-native platforms to AI-first solutions, we blend deep technical...",Software Development,"Pleasanton, California"
VeeAR Projects Inc.,https://www.linkedin.com/company/veear-projects/,,"...Support & Maintenance needs. •Our Global Talent Solutions has helped build high powered teams cutting across technology layers (Software, Hardware, Firmware...",IT Services and IT Consulting,"Pleasanton, California"
QAD,https://www.linkedin.com/company/qad/,,Specialties: Enterprise Software,Software Development,"Miami, FL"
Intel Developer,https://www.linkedin.com/company/intel-developer/,,"AI is rapidly evolving and transforming how we live today. Intel is your trusted partner in bringing AI everywhere with a comprehensive suite of CPUs, GPUs, AI accelerators, and a broad software portfolio designed to support you at every stage of your AI journey. From edge to cloud, data center to client, Bringing AI...",Semiconductor Manufacturing,"Santa Clara, California"
Insight Partners,https://www.linkedin.com/company/insight--partners/,,"Insight Partners is a global software investor partnering with high-growth technology, software, and Internet startup and ScaleUp companies that are driving...",Venture Capital and Private Equity Principals,"New York, NY"
The Functionary,https://www.linkedin.com/company/the-functionary/,,"....  Software Development Solutions With access to English-speaking developers skilled in all major programming languages, we meticulously match candidates based...",IT Services and IT Consulting,"Aubrey, Texas"
Joveo,https://www.linkedin.com/company/joveo/,,"AI-Led, High-Performance Recruitment Marketing Platform • Specialties: Software",Software Development,"Menlo Park, California"
ZOLL Medical Corporation,https://www.linkedin.com/company/zoll-medical-corporation/,,"ZOLL Medical Corporation, an Asahi Kasei Group Company, develops and markets medical devices and software solutions that help advance emergency care and save lives, while increasing clinical and operational efficiencies. With products for defibrillation and monitoring, circulation and CPR feedback, data management...",Medical Equipment Manufacturing,"MA, 01824"
Radancy,https://www.linkedin.com/company/radancy/,,"At Radancy, we’re delivering the future of hiring. As the global leader in talent acquisition software, we help enterprises strengthen their organizations with an AI-powered platform that simplifies hiring, reduces costs and accelerates results. Fueled by rich data and deep industry expertise, the Radancy Talent...",Software Development,"New York, New York"
Nextiva,https://www.linkedin.com/company/nextiva/,,Build Amazing customer experiences • Specialties: Software Development,Software Development,"Scottsdale, Arizona"
ValGenesis,https://www.linkedin.com/company/valgenesis-inc/,,"The industry standard paperless validation software for biotech, pharma, medical device and other life sciences.",Software Development,"Santa Clara, CA"
Odessa,https://www.linkedin.com/company/odessa-inc-/,,"Headquartered in Philadelphia, USA, Odessa is a software company exclusively focused in the leasing industry. The Odessa Platform powers some of the largest global brands, providing end-to-end, extensible solutions for lease and loan origination and portfolio management. Odessa facilitates business agility...",Software Development,"Philadelphia, PA"
AgileEngine,https://www.linkedin.com/company/agileengine/,,We turn ideas into software that people love. Solutions that drive business growth. Dedicated engineering & design teams,Software Development,"Boca Raton, Florida"
Emumba,https://www.linkedin.com/company/emumba/,,"Founded in 2011, Emumba is a software services company serving as an innovation arm for enterprises. With a commitment to engineering excellence, we have garnered the trust of global industry leaders and established a reputation for delivering high quality solutions.  At Emumba, we don’t just provide services...",Software Development,"Sunnyvale, California"
DataArt,https://www.linkedin.com/company/dataart/,,Global Software Engineering Firm. Building Future-Proof Technology for Market Leaders. We’re hiring!,IT Services and IT Consulting,"New York, NY"
Zone & Co,https://www.linkedin.com/company/zoneandco/,,"...platform integrates seamlessly with leading ERP software, adapting precisely to evolving needs.   Trusted by over 4,000 customers worldwide, Zone & Co is committed...",Software Development,"Boston, Massachusetts"
Veritas Technologies LLC,https://www.linkedin.com/company/veritas-technologies-llc/,,Specialties: Software-Defined Storage,Software Development,"Santa Clara, California"
Zinnia,https://www.linkedin.com/company/zinniatm/,,Specialties: Software,Software Development,"Greenwich, CT"
Creative Chaos,https://www.linkedin.com/company/creative-chaos/,,Your innovation delivery partner • Specialties: Software Development,Software Development,"Boston, Massachusetts"
Trading Technologies,https://www.linkedin.com/company/trading-technologies/,,About Trading Technologies Trading Technologies (www.tradingtechnologies.com) is a Software-as-a-Service (SaaS) technology platform provider to the global capital markets industry. The company’s award-winning TT® platform connects to the world’s major international exchanges and liquidity venues in listed derivatives...,Software Development,"Chicago, Illinois"
Mindtickle,https://www.linkedin.com/company/mindtickle/,,GTM leaders trust Mindtickle’s Revenue Enablement Platform to drive behavior change across customer-facing roles • Specialties: Sales Software,Software Development,"San Francisco, California"
Acceler8 Talent,https://www.linkedin.com/company/acceler8-talent/,,"From Software to Hardware, Building Futures in Artificial Intelligence.",Staffing and Recruiting,"Boston, Massachusetts"
General Atomics Aeronautical Systems,https://www.linkedin.com/company/ga-asi/,,"At General Atomics Aeronautical Systems, Inc. (GA-ASI), we invent and pioneer disruptive technologies for military, security, environmental and civil operations worldwide. As the world leader in unmanned aerial systems, we design and engineer advanced long endurance unmanned aerial systems, radars and software...",Aviation and Aerospace Component Manufacturing,"Poway, CA"
Uber Engineering,https://www.linkedin.com/company/uberengineering/,,Specialties: software engineering,Software Development,"San Francisco, CA"
CureMD,https://www.linkedin.com/company/curemd/,,"CureMD is the leading provider of Cloud EHR, AI Scribe, Practice Management and Medical Billing Services • Specialties: Medical Billing Software",Software Development,"New York, NY"
Major League Hacking,https://www.linkedin.com/company/major-league-hacking/,,"...Fellowship. MLH partners with software engineering, human capital management, Open Source, and DevRel leaders who wish to support the developers of tomorrow...",Software Development,"New York, NY"
SmartRecruiters,https://www.linkedin.com/company/smartrecruiters/,,THE Recruiting AI Company • Specialties: Cloud-Based Recruiting Software,Software Development,"San Francisco, CA"
JAGGAER,https://www.linkedin.com/company/jaggaer/,," • Specialties: eProcurement Software",Software Development,"Durham, NC"
SailPoint,https://www.linkedin.com/company/sailpoint-technologies/,,Specialties: Enterprise Software,Software Development,"Austin, Texas"
Billtrust,https://www.linkedin.com/company/billtrust/,,Billtrust is the leader in B2B accounts receivable workflow and payment software.,Financial Services,"Hamilton Township, New Jersey"
Accela,https://www.linkedin.com/company/accela-inc-/,,"..., and build stronger communities. More than 275 million citizens worldwide benefit from Accela’s government software solutions. The company offers agile, purpose...",Software Development,"San Ramon, CA"
PDI Technologies,https://www.linkedin.com/company/pdi-technologies/,,Connecting Convenience • Specialties: Enterprise Software,Software Development,"Alpharetta, Georgia"
AssureCare LLC,https://www.linkedin.com/company/assurecare-software/,,"AssureCare is a privately held healthcare technology company that provides innovative care management solutions to commercial and health and human service providers.   AssureCare’s flagship software platform, MedCompass, is used by healthcare providers throughout the United States to deliver end-to-end care management...",Software Development,"Cincinnati, Ohio"
Signant Health,https://www.linkedin.com/company/signant-health/,,The Evidence Generation Company • Specialties: clinical trial software,Software Development,"Blue Bell, Pennsylvania"
Aurora Solar,https://www.linkedin.com/company/aurora-solar/,,"Aurora’s cloud-based software transforms solar design, sales, and delivery. With just an address and electric bill, Aurora empowers you to generate a full...",Software Development,"San Francisco, California"
Oculus VR,https://www.linkedin.com/company/oculus-vr/,,"The Oculus team at Facebook lets people experience anything, anywhere, with anyone through world-class VR hardware and software. With global departments dedicated to VR research, computer vision, haptics, social interaction, and more, Oculus is committed to driving the state of the art forward through relentless...",Computers and Electronics Manufacturing,"Menlo Park, CA"
Connect Tech+Talent,https://www.linkedin.com/company/connecttechandtalent/,," • Specialties: software",Software Development,"Austin, Texas"
QA Touch,https://www.linkedin.com/company/qa-touch/,,"QA Touch is the #1 AI powered test case management tool for software testing without complexity.  It brings test cases, test execution, bugs, and reports into one single platform so teams can stay organized and move faster.  QA Touch is easy to set up and works well for growing teams that need visibility and control...",Software Development,"Austin, Texas"
Remotebase,https://www.linkedin.com/company/remotebasehq/,,Hire expertly vetted remote software engineers swiftly and compliantly!,IT Services and IT Consulting,"San Mateo, California"
ICU Medical,https://www.linkedin.com/company/icu-medical/,,"ICU Medical connects patients and caregivers through safe, life-saving, life-enhancing IV therapy systems, software, solutions, and consumables.  Since IV...",Medical Equipment Manufacturing,"San Clemente, CA"
CloudEagle.ai,https://www.linkedin.com/company/cloudeagle/,,"CloudEagle.ai helps IT, security & Procurement teams manage, govern & renew all their SaaS apps from one single platform. With CloudEagle.ai, enterprises like RingCentral, Shiji, Recroom make SaaS management & governance a breeze & save 10-30% on their software spend.   Using 500+ direct connectors, customers get 100...",IT Services and IT Consulting,"Palo Alto, California"
Hinge Health,https://www.linkedin.com/company/hinge-health/,,Scaling and automating the delivery of health care • Specialties: software,Software Development,"San Francisco, California"
Teal,https://www.linkedin.com/company/tealhq/,,"A personal career growth platform that gives you the tools, skills & recommendations you need to accelerate your career • Specialties: resume software",Software Development,"South Miami, Florida"
Runway,https://www.linkedin.com/company/runwayml/,,Building AI to simulate the world • Specialties: Computer Software,Software Development,New York
Gainsight,https://www.linkedin.com/company/gainsight/,,Specialties: software,Software Development,"San Francisco, California"
Muck Rack,https://www.linkedin.com/company/muckrack/,,Muck Rack is PR software built for how you work. Streamline your communication workflow with the power of AI.,Software Development,"Miami, Florida"
Ailoitte,https://www.linkedin.com/company/ailoitte-technologies/,,"Founded in 2017, Ailoitte is a Bengaluru-based full-stack software development and IT staff augmentation company helping startups and global enterprises...",IT Services and IT Consulting,"Dover, Delaware"
Eightfold AI,https://www.linkedin.com/company/eightfoldai/,,Specialties: Recruiting Software,Software Development,"Santa Clara, California"
ClearML,https://www.linkedin.com/company/clearml/,,"The Infrastructure Platform For AI Builders: 
Maximize AI Potential at Enterprise Scale • Specialties: AI Software",Software Development,"Berkeley, California"
Sonatype,https://www.linkedin.com/company/sonatype/,,"The Sonatype journey started 15 years ago, just as the concept of “open source” software development was gaining steam. From our humble beginning as core contributors to Apache Maven, to supporting the world’s largest repository of open source components (Central), to distributing the world's most popular repository...",Software Development,"Fulton, MD"
CitiXsys - iVend Retail,https://www.linkedin.com/company/citixsys/,,"....  iVend Retail covers infrastructure and managed services for head-office, back-office and customer-facing operations with software modules for point of sale (POS...",Software Development,"New York, NY"
BCG Digital Ventures,https://www.linkedin.com/company/bcg-digital-ventures/,,Digital Ventures - Part of BCG X: Building & scaling innovative businesses with the world's most influential companies • Specialties: Software Development,Software Development,"Manhattan Beach, California"
SymphonyAI,https://www.linkedin.com/company/symphonyai/,,AI that knows your business. From day one • Specialties: Enterprise Software,Software Development,"Palo Alto, California"
Dunhill Professional Search & Government Solutions,https://www.linkedin.com/company/dunhill-professional-search-&-government-solutions/,,"..., Mobile Application Development, Serious Gaming/Virtual Reality, Service-Oriented Architectures, Software as a Service (SaaS),  Engineering/Manufacturing, Sales...",IT Services and IT Consulting,"Wilmington, NC"
PyjamaHR,https://www.linkedin.com/company/pyjamahr/,,"Hiring made so easy, you can do it in your pyjamas! • Specialties: Recruitment Software",Software Development,"Alpine, California"
Workbridge Associates,https://www.linkedin.com/company/workbridge-associates/,,"...and candidates, within their recruiting areas of expertise: Software, Mobile, Data, Infrastructure, Cybersecurity, Product + UX, and Functional.  Motion...",Staffing and Recruiting,"Boston, MA"
Helium 10,https://www.linkedin.com/company/helium10/,,"The Helium 10 Software Suite will allow you to gain an advantage over your competitors as it was designed and battle-tested by top Amazon sellers. So if you want more sales, more time, lower PPC costs, and if you want to discover hidden keywords your competitors don’t use then start using Helium 10 -- the same tools...",Software Development," Irvine, CA"
Zenoti,https://www.linkedin.com/company/zenoti/,,"The AI First, all-in-one software trusted by the best salons, spas, medspas and fitness studios.",Software Development,"Bellevue, Washington"
SAP Customer Experience,https://www.linkedin.com/company/sapcx/,,Understand your customers and engage them with hyper-personalized experiences. Give them the freedom to choose you • Specialties: software,Software Development,"Palo Alto, California"
Honeywell Industrial Automation,https://www.linkedin.com/company/honeywell-ia/,,"...analytics, software, robotics, sensors, process automation, and asset performance management solutions.  For additional information on how Honeywell processes...",Manufacturing,"Houston, Texas"
Porch Group,https://www.linkedin.com/company/porch/,,The vertical software and insurance platform for your home,Software Development,"Seattle, Washington"
H2O.ai,https://www.linkedin.com/company/h2oai/,,Democratize AI • Specialties: AI Cloud Software,Software Development,"Mountain View, CA"
3D Systems Corporation,https://www.linkedin.com/company/3d-systems/,,"...before possible. Thanks to our unique offering of hardware, software, materials, and services, each application-specific solution is powered by the expertise...",Industrial Machinery Manufacturing,"Rock Hill, SC"
Icertis,https://www.linkedin.com/company/icertis/,,The global leader in AI-powered contract intelligence • Specialties: Contract Management Software,Software Development,"Bellevue, WA"
G2,https://www.linkedin.com/company/g2dotcom/,,Where you go for software.,"Technology, Information and Internet","Chicago, IL"
Jobspring Partners,https://www.linkedin.com/company/jobspring-partners/,,"...and candidates, within their recruiting areas of expertise: Software, Mobile, Data, Infrastructure, Cybersecurity, Product + UX and Functional.  Motion Recruitment...",Staffing and Recruiting,"Boston, Massachusetts"
"Itron, Inc.",https://www.linkedin.com/company/itroninc/,,"Itron enables utilities and cities to safely, securely and reliably deliver critical infrastructure services to communities in more than 100 countries. Our proven portfolio of smart networks, software, services, meters and sensors helps our customers better manage energy and water for the people they serve.",Utilities,"Liberty Lake, Washington"
Audible,https://www.linkedin.com/company/audible/,,Specialties: Software Development,Software Development,"Newark, NJ"
Wrike,https://www.linkedin.com/company/wrike/,,Specialties: software,Software Development,"San Diego, California"
BigCommerce,https://www.linkedin.com/company/bigcommerce/,,Powered by Commerce • Specialties: E-Commerce Software,Software Development,"Austin, Texas"
Neostella,https://www.linkedin.com/company/neostella/,,Empowering Legal Teams with Intelligent Software & Automation Solutions | Streamlining Case Management and Legal Ops,Software Development,"Milwaukee, WI"
Ebix,https://www.linkedin.com/company/ebix/,,"A leading international supplier of On-Demand software and E-commerce services to the insurance, e-governance, e-learning and healthcare industries, Ebix, Inc...",Software Development,"Johns Creek, GA"
Creative Synergies Group,https://www.linkedin.com/company/creative-synergies-group/,,"...engineering, embedded systems and software technologies.  We enable our customers to establish technological leadership in the Industry 4.0 revolution to leapfrog...",IT Services and IT Consulting,"Okemos, MI"
Salesforce.org,https://www.linkedin.com/company/salesforce-org/,,Education and Nonprofit are part of Salesforce! • Specialties: nonprofit software,Software Development,"San Francisco, California"
Valzo Soft Solutions,https://www.linkedin.com/company/valzo-soft-solutions/,,"ValzoSoft Solutions – Driving Innovation, Empowering Growth  At ValzoSoft Solutions, we turn visionary ideas into transformative digital experiences. Our expertise spans Software Development, IT Solutions, and Staffing, helping businesses unlock efficiency and scale seamlessly.  Our Expertise Custom Software...",IT Services and IT Consulting,"Alpharetta, Georgia"
Vitech Systems Group,https://www.linkedin.com/company/vitech-systems-group/,,"Vitech is a global provider of cloud-native benefits administration software. We help our insurance and retirement clients expand their offerings and capabilities, streamline their operations, gain analytical insights, and transform their engagement models. Vitech employs over 1,400 professionals serving over 100...",Software Development,"New York, NY"
Nextracker Inc.,https://www.linkedin.com/company/nextpowerinc/,,Powering what's next in energy • Specialties: Software,Renewable Energy Power Generation,"Fremont, CA"
Calsoft,https://www.linkedin.com/company/calsoft/,,Technology-First • Specialties: Storage Software Development,Software Development,"San Jose, California"
Infinera,https://www.linkedin.com/company/infinera/,,"...include high-end subcomponent technology, systems for network infrastructure, automation software, advanced optical compound semiconductor manufacturing...",Telecommunications,"San Jose, California"
TestGrid.io,https://www.linkedin.com/company/testgrid-io/,,"End to End Cloud, and On-Prem Testing Solution • Specialties: Software Programming",Software Development,"Atlanta, GA"
Aceolution,https://www.linkedin.com/company/aceolution/,,...your brand's reputation by ensuring protection. Global mapping - Building global maps one driver at a time. Software & Cybersecurity - Empowering your digital world...,IT Services and IT Consulting,"Somerset, New Jersey"
eClinicalWorks,https://www.linkedin.com/company/eclinicalworks/,,Specialties: practice management software,Software Development,"Westborough, MA"
SurveySparrow,https://www.linkedin.com/company/surveysparrow/,,"An experience management platform that allows you to collect, analyze & act on customer feedback in real time • Specialties: Online Survey Software",Software Development,"Palo Alto, California"
Flowhub,https://www.linkedin.com/company/flowhub/,,"...of both the Cannabis Trade Federation and the U.S. Cannabis Council, in addition to awarding over $8 million in free software through its Social Equity Program...",Software Development,"Denver, Colorado"
Bastian Solutions,https://www.linkedin.com/company/bastian-solutions/,,"...material handling equipment and automation technologies available.  With innovation at the forefront, the company also develops Exacta supply chain software, conveyor...","Transportation, Logistics, Supply Chain and Storage","Carmel, IN"
Orange Logic,https://www.linkedin.com/company/orange-logic/,,Enterprise Digital Asset Management (DAM) Software - Robust | Versatile | Elegant,Software Development,"Irvine, California"
Creatio,https://www.linkedin.com/company/creatioglobal/,,Agentic CRM & Workflow Platform with No-Code and AI at Its Core • Specialties: Software,Software Development,"Boston, Massachusetts"
ECCO Select,https://www.linkedin.com/company/ecco-select/,,...solutions tailored to each client’s unique requirements.     Services Offered   * Consulting Solutions   * Application & Software Development   * Architecture...,IT Services and IT Consulting,"North Kansas City, MO"
Scry AI,https://www.linkedin.com/company/scryai/,,AI powered enterprise products that drive intelligent automation • Specialties: B2B Software,Software Development,"San Jose, California"
GIAC Certifications,https://www.linkedin.com/company/giac/,,"There are a multitude of information security certifications, but only GIAC certifications validate the true hands-on skills that go beyond theory and test the pragmatics of offensive and defensive, management, audit, forensics, and software information security.  GIAC offers more than 30 specialized information...",Information Technology & Services,"Bethesda, MD"
Shield AI,https://www.linkedin.com/company/shield-ai/,,Autonomy for the world • Specialties: Software,Software Development,"San Diego, California"
InvoZone,https://www.linkedin.com/company/invozone/,,InvoZone is a leading software development company that excels in industry-focused software development solutions and consulting services across multiple industries. We empower your business with unparalleled software solutions that keep you ahead of the competition while catering to all your business needs...,IT Services and IT Consulting,"Hollywood, Florida"
Murf AI,https://www.linkedin.com/company/murf-ai/,,"The AI voice platform for creating studio-quality voiceovers, dubbing videos & building voice agents • Specialties: Video Translation Software",Software Development,"Salt Lake City, Utah"
Calendly,https://www.linkedin.com/company/calendly/,,"We help individuals, teams, and organizations create better meeting experiences. 📆 ✨ • Specialties: software as a service",Software Development,"Atlanta, Georgia"
UpToDate,https://www.linkedin.com/company/uptodate/,,"Helping you improve care decisions and reduce unwanted clinical variability • Specialties: software tools & digital information,",Software Development,"Waltham, MA"
Autodesk Construction Cloud,https://www.linkedin.com/company/autodesk-construction-cloud/,,"Easily connect workflows, teams and data at every stage of construction to reduce risk, maximize efficiency and profits • Specialties: Field Software",Software Development,"San Francisco, CA"
Dev.Pro,https://www.linkedin.com/company/dev-pro/,,Software Development Partner. Result-driven. Quality-obsessed.,IT System Custom Software Development,"Charlotte, North Carolina"
Opkey,https://www.linkedin.com/company/opkey/,,Optimize Enterprise Apps. Unlock Millions in IT Savings • Specialties: Software Testing,Software Development,"Dublin, California"
MindSource,https://www.linkedin.com/company/mindsource/,,MindSource has delivered software solutions for over two decades to many hundreds of Silicon Valley companies.  Our success is based on deep technical...,Information Technology & Services,"Milpitas, California"
testRigor,https://www.linkedin.com/company/testrigor/,,The #1 Generative AI-based test automation tool. Create and execute QA tests in plain English • Specialties: software testing,Software Development,"San Francisco, California"
Fusemachines,https://www.linkedin.com/company/fusemachines/,,"On a mission to Democratize AI since 2013. 
Global provider of Enterprise AI Products & AI Solutions • Specialties: Software",Software Development,"New York, New York"
KnowledgeCity,https://www.linkedin.com/company/knowledgecity/,,"...: business skills, computer software, safety, compliance, and finance.  Organizations can create their own customized portals with localization in any language...",E-Learning Providers,"Carlsbad, CA"
Rimini Street,https://www.linkedin.com/company/rimini-street/,,"Rimini Street, Inc. (Nasdaq: RMNI), a Russell 2000® Company, is a proven, trusted global provider of end-to-end, mission-critical enterprise software support, managed services and innovative Agentic AI ERP solutions, and is the leading third-party support provider for Oracle, SAP and VMware software...",IT Services and IT Consulting,"Las Vegas, NV"
Etech Global Services,https://www.linkedin.com/company/etech-global-services/,,"...software, and enterprise AI solutions. https://www.etechtechnologysolutions.com/   🔹 Comprehensive CX Capabilities From omnichannel support to outbound sales...",Outsourcing and Offshoring Consulting,"Nacogdoches, TX"
PROS,https://www.linkedin.com/company/pros/,,Specialties: Big Data Software Applications,Software Development,"Houston, Texas"
Robosoft Technologies,https://www.linkedin.com/company/robosoft-technologies/,,"...in Digital Consulting, Experience Design, Software Engineering, Enterprise Applications, Core Engineering & Simulation, Data & Analytics and Cybersecurity...",IT Services and IT Consulting,"San Francisco, California"
Clari,https://www.linkedin.com/company/clari/,,"Clari & Salesloft have merged to form the Predictive Revenue System, where Al guides revenue teams to accelerate growth • Specialties: Enterprise Software",Software Development,"Sunnyvale, CA"
Bloomberg Government,https://www.linkedin.com/company/bloomberg-government/,,The essential integrated platform for charting a course of action that moves the government and your business forward • Specialties: Government Contract Management Software,Software Development,"Washington, DC"
InRhythm,https://www.linkedin.com/company/getinrhythm/,,...% of the high-growth companies on the list. We've also been on Deloitte's Technology Fast 500™ for 4 consecutive years.   We are the thought leaders on how modern software...,IT Services and IT Consulting,"New York, New York"
Pipedrive,https://www.linkedin.com/company/pipedrive/,,CRM software sales teams will love 💚,Software Development,"New York, New York"
TestingXperts,https://www.linkedin.com/company/testingxperts/,,...American Software Testing Awards.  - Winners at The European Software Testing Awards.  - Winners at The DevOps Industry Awards.  - Winners at GSA UK Professional...,IT Services and IT Consulting,"Mechanicsburg, Pennsylvania"
Victaulic,https://www.linkedin.com/company/victaulic/,,"...efficiency and enhancing constructability, while allowing for seamless integration of our solutions, software, and services at every stage in a project's life cycle...",Industrial Machinery Manufacturing,"Easton, PA"
Ryan,https://www.linkedin.com/company/ryan/,,"Ryan, an award-winning global tax services and software provider, is the largest Firm in the world dedicated exclusively to business taxes. With global headquarters in Plano, Texas, the Firm provides an integrated suite of federal, state, local, and international tax services on a multijurisdictional basis, including...",Financial Services,"Dallas, Texas"
Bellurbis,https://www.linkedin.com/company/bellurbis-llc/,,"For over 15 years, Bellurbis has been a trusted software development company with a successful track record of delivering 500+ projects for 150+ clients across the USA, Europe, Australia, and India. Our solutions span a range of industries including Healthtech, Enterprise Software Development, Gaming, Blockchain...",IT Services and IT Consulting,"Austin, Texas"
OEC,https://www.linkedin.com/company/oec-solutions/,,Now for the easy part.™ • Specialties: Software,Software Development,"Fairlawn, Ohio"
Adobe Substance 3D,https://www.linkedin.com/company/substance3d/,,Adobe Substance 3D is a complete suite with everything artists need to create 3D digital materials & models • Specialties: Software development,Software Development,"San Jose, California"
FullStack,https://www.linkedin.com/company/fullstack-labs/,,"FullStack is a leading software engineering and AI solutions company helping organizations modernize, innovate, and scale through intelligent technology...","Technology, Information and Internet","Brentwood, Tennessee"
FARO Technologies,https://www.linkedin.com/company/faro-technologies/,,"...and software for the following vertical markets:  - 3D METROLOGY High-precision 3D measurement, imaging and comparison of parts and complex structures within production...",Industrial Machinery Manufacturing,"Lake Mary, FL"
TechTammina LLC,https://www.linkedin.com/company/techtamminallc/,,Tech Tammina is a blend in implementing Business Processes across onshore and offshore Software Development using Low Code platforms. This phenomenal...,IT Services and IT Consulting,"Chantilly, Virginia"
"h3 Technologies, LLC",https://www.linkedin.com/company/h3-technologies-llc/,,"Expert in java, Microservices, Azure, Oracle, AWS, RPA, AI, ML and related software and technologies",Information Technology & Services,"Florence, Kentucky"
Unified Infotech,https://www.linkedin.com/company/unifiedinfotech/,,"..., we specialize in cutting-edge software solutions that drive seamless integration and success in the digital age. Our confidence fuels every project, ensuring...",IT Services and IT Consulting,New York
ButterflyMX,https://www.linkedin.com/company/butterflymx/,,"Video intercoms, access control systems, and security cameras loved by 20,000 multifamily, gated, commercial properties • Specialties: Property Management Software",Software Development,New York
Intcomex,https://www.linkedin.com/company/intcomex/,,"Intcomex is a premiere value-added distributor of IT products focused solely on serving Latin America and the Caribbean.  It distributes computer equipment, components, peripherals, software, computer systems, accessories, networking products and digital consumer electronics to more than 40,000 local customers...",IT Services and IT Consulting,"Medley, Florida"
Innover Digital,https://www.linkedin.com/company/innoverdigital/,,"...consecutive years, the Top Software and Tech Award, and recognition for Digital Transformation Excellence. Our vibrant culture of growth and camaraderie...",IT Services and IT Consulting,"Alpharetta, Georgia"
InterSystems,https://www.linkedin.com/company/intersystems/,,Specialties: Software,Software Development,"Boston, Massachusetts"
ImpactQA,https://www.linkedin.com/company/impactqa-software-testing-services/,,Delivering Excellence in Software Testing Across Industries,IT Services and IT Consulting,"Houston, Texas"
EDZ Systems,https://www.linkedin.com/company/edz-systems/,,"...specialization in Software Development, Business Transformation, Security, Enterprise Content Management, Strategy & Operations, Enterprise Program Management...",IT Services and IT Consulting,"Overland Park, Kansas"
Verizon Connect,https://www.linkedin.com/company/verizon-connect/,,Helping you drive a safer tomorrow • Specialties: Fleet Management Software,Software Development,"Atlanta, GA"
Lattice,https://www.linkedin.com/company/lattice-hq/,,Lattice is the leading HR Platform where People + AI succeed together • Specialties: HR Software,Software Development,"San Francisco, California"
itD,https://www.linkedin.com/company/itd-tech/,,Formerly known as iTalent Digital. We are a different kind of global software development and technology consultancy.,IT Services and IT Consulting,"Campbell, California"
Instabase,https://www.linkedin.com/company/instabase/,,The agentic automation platform • Specialties: Enterprise Software,Software Development,San Francisco
Forte Group,https://www.linkedin.com/company/fortegroup/,,"Managed Engineering Solutions in Software Development and Data Engineering.  Delivery centers across US, Europe & LATAM.",IT Services and IT Consulting,"Boca Raton, FL"
upGrad KnowledgeHut,https://www.linkedin.com/company/upgradknowledgehut/,,"...and help close the skills gap.  Whether you're looking to develop capabilities in Software Development, IT Service Management, Cyber Security, Cloud Computing, Machine...",E-Learning Providers,"Wilmington, Delaware"
Markovate,https://www.linkedin.com/company/markovate/,,We help data-driven companies build measurable Generative AI solutions • Specialties: Software Development,Software Development,"San Francisco, California "
Wealthfront,https://www.linkedin.com/company/wealthfront/,,"Wealthfront integrates investing and saving products to help young professionals build long-term wealth in any market condition. Through software, we deliver high-yield savings through partner banks, diversified ETF and bond ETF investing, zero-commission stock investing, and low-cost loans to help both sophisticated...",Financial Services,"Palo Alto, California"
Talently,https://www.linkedin.com/company/talently-recruiting/,,"...software tools designed to maximize efficiency. This allows us to focus on what truly matters: fostering strong, lasting relationships between top-tier talent...",Staffing and Recruiting,"Newport Beach, California"
Collibra,https://www.linkedin.com/company/collibra/,,The market leader in unified governance for data and AI • Specialties: enterprise software,Software Development,"New York, New York"
Payscale,https://www.linkedin.com/company/payscale/,,We power compensation decisions for more than 20% of the US workforce ✨ • Specialties: compensation software,Software Development,"Seattle, Washington"
Tebra,https://www.linkedin.com/company/tebra/,,"EHR+ & RCM for Private Practice success. Unifying billing, growth, and AI-powered clinical tools. #Tebra • Specialties: EHR software",Software Development,"Corona del Mar, California"
SBS Creatix,https://www.linkedin.com/company/sbs-creatix/,,"SBS Creatix is a full service provider specializing in Staff Augmentation, Direct Placement Recruiting, and Software Solutions. Our foundation and professional reputation is built on uncompromised quality and an unsurpassed commitment to our Clients AND Employees.   As our Client, you will experience a professional...",Staffing and Recruiting,"Saint Louis, Missouri"
Cytel,https://www.linkedin.com/company/cytel/,,"Cytel is the world’s leading data-science CRO, driving advancements in human health through robust analytics and innovative clinical trial software. For nearly four decades, we have set the standard in adaptive trial design, leveraging extensive data insights to inform strategy throughout every phase of drug...",Pharmaceutical Manufacturing,"Cambridge, MA"
impact.com,https://www.linkedin.com/company/impactdotcom/,,"Our partnership management platform automates every type of business partnership, at scale • Specialties: Partner Management Software",Software Development,"Santa Barbara, California"
Jerry,https://www.linkedin.com/company/jerryinc/,,"Jerry is America's first and only AllCar™ app, on a mission to make car ownership affordable and accessible • Specialties: consumer software",Software Development,"Palo Alto, CA"
Inductive Automation,https://www.linkedin.com/company/inductive-automation/,,"Inductive Automation creates industrial software that empowers organizations to swiftly turn great ideas into reality by removing all technological and economic obstacles. By cross-pollinating IT with SCADA technologies, Inductive Automation created Ignition software, the first and only universal industrial...",Automation Machinery Manufacturing,"Folsom, CA"
Agnos Inc.,https://www.linkedin.com/company/agnos/,,"Software Engineering, Business & IT Advisory, Digital Agency Services, IT Staffing, Cloud Services & Enterprise Security",IT Services and IT Consulting,"Miami, Florida"
TEK NINJAS,https://www.linkedin.com/company/tekninjas/,,"Are You Ready to Power Up?  Founded in 2015 and headquartered in Carrollton, Texas, Tek Ninjas is a global software consulting and digital services company built for speed, scale, and innovation. We don’t just manage IT; we fuel digital transformation.  We partner with Fortune 500 clients, government agencies...",IT Services and IT Consulting,"Carrollton, Texas"
Stelvio Inc.,https://www.linkedin.com/company/stelvio-group/,,"...candidates across Software, Cyber, Data and Technology Leadership specialisms. - Vetted and detailed search: our consultants do not share unqualified resumes...",Staffing and Recruiting,"Austin, Texas"
"Donato Technologies, Inc.",https://www.linkedin.com/company/donatotechnologies/,,"...the needs of our clients and employees. We specialize in staffing, consulting, software development, and training, specifically tailored for small and medium...",IT Services and IT Consulting,"Dallas, Texas "
Productboard,https://www.linkedin.com/company/productboard/,,"Make products that matter, together • Specialties: Software",Software Development,"San Francisco, California"
Makino,https://www.linkedin.com/company/makino/,,"...centers.  But we do more than just provide machines. We are your partner in success, offering cutting-edge applications, software, engineering services, financing...",Machinery Manufacturing,"Mason, OH"
Foursquare,https://www.linkedin.com/company/location-foursquare/,,"We help marketers, developers, and data analysts harness the power of privacy-first location intelligence • Specialties: GIS Software",Software Development,"New York, NY"
Veracode,https://www.linkedin.com/company/veracode/,,"...remediation engine, the Veracode platform offers adaptive software security and is trusted by organizations worldwide to build and maintain secure software from code...",Computer and Network Security,"Burlington, Massachusetts"
Battery Ventures,https://www.linkedin.com/company/battery-ventures/,,"Battery invests in potentially cutting-edge, category-defining businesses in markets including application software, IT infrastructure technologies, consumer-internet and mobile services, and industrial technologies. Founded in 1983, the firm backs companies at stages ranging from seed to growth and private equity...",Venture Capital and Private Equity Principals,"Boston, MA"
Bluebeam,https://www.linkedin.com/company/bluebeam-software/,,"For those who design, engineer, bid and build our world, Bluebeam is how professionals get more done • Specialties: PDF software",Software Development,"Pasadena, California"
ITConnectUS,https://www.linkedin.com/company/itconnectus-inc/,,"ITConnectUS Is A Global Software Development & End-2-End IT Consulting Firm,   Providing IT & US-Healthcare Recruitment.",IT Services and IT Consulting,"Plano, Texas"
Biz2Credit,https://www.linkedin.com/company/biz2credit-inc/,,"...the Biz2X Platform. Biz2X is the natural outgrowth of Biz2Credit’s established platform software that brands like HSBC, Oriental Bank, and TATA Capital...",Financial Services,"New York, New York"
Alvaria CX,https://www.linkedin.com/company/alvaria-cx/,,Alvaria empowers human connection through contact center infrastructure • Specialties: Enterprise Call Center Software,Software Development,"Atlanta, Georgia"
"TechnoSphere, Inc.",https://www.linkedin.com/company/technosphere-inc./,,"Established in 1994, TechnoSphere is a Global IT Solutions and Services provider, specializing in Digital Transformation, Software Consulting, Business Analytics, AI, and Cloud Computing. With an impressive annual revenue of 114 million USD, we are committed to delivering innovative solutions that drive success...",IT Services and IT Consulting,New York
DroneDeploy,https://www.linkedin.com/company/dronedeploy/,,"All your photos, maps and models - from the air to the ground - in one platform • Specialties: Software",Software Development,"San Francisco, California"
CornerStone Technology Talent Services,https://www.linkedin.com/company/cornerstone-technology-talent-services/,,"...contract IT workforce solutions for cloud computing, cybersecurity, software development, DevOps, and infrastructure.  - Direct Hire & Executive Search...",Staffing and Recruiting,"Coppell, Texas"
JumpCloud,https://www.linkedin.com/company/jumpcloud/,,JumpCloud® is IT Simplified • Specialties: Software as a service (SAAS),Software Development,"Louisville, CO"
Unite Us,https://www.linkedin.com/company/uniteus/,,Your Partner for Integrating Health and Human Services • Specialties: Healthcare Software,Software Development,"New York, NY"
"Cradlepoint, part of Ericsson",https://www.linkedin.com/company/cradlepoint-inc/,,"We deliver Wireless WAN, private network and 5G security solutions that connect and protect people, places, and things • Specialties: Software-Defined Perimeter",Software Development,"Boise, Idaho"
Averro,https://www.linkedin.com/company/averro/,,"...across engineering, IT, manufacturing, and corporate roles.  Technology Solutions: IT managed services, AI advisory, custom software development, cybersecurity...",Professional Services,"Bellevue, WA "
Testing Mavens,https://www.linkedin.com/company/testing-mavens/,,Software Testing Redefined,IT Services and IT Consulting,"Piscataway, New Jersey"
eGain Corporation,https://www.linkedin.com/company/egain-corporation/,,#1 AI Knowledge Platform for Customer Service • Specialties: customer service software,Software Development,"Sunnyvale, CA"
"Everest Consultants, Inc.",https://www.linkedin.com/company/everest-consultants-inc-/,,"...software, or engineering device software, we excel in providing the right resources for your projects. Additionally, we can scale your project teams with our global...",IT Services and IT Consulting,"Beaverton, OR"
Cyber Infrastructure (CIS),https://www.linkedin.com/company/cyber-infrastructure/,,"...their Business Dreams.   We are globally recognized with multiple offices in the USA, UK, Middle East, Europe, Asia & Australia. And Software Development Centers...",IT Services and IT Consulting,"San Jose, California"
Intetics,https://www.linkedin.com/company/intetics/,,Where software concepts come alive™,IT Services and IT Consulting,"Naples, FL"
MSys Technologies,https://www.linkedin.com/company/msys-technologies/,,Product Engineering Services and Digital Transformation • Specialties: Software-Defined Storage,Software Development,"Atlanta, GA"
Macrosoft,https://www.linkedin.com/company/macrosoft/,,Innovatix Technology Partners design and deploy custom solutions powered by AI and delivered by talented resources • Specialties: Software Technology,Software Development,"Bedminster, NJ"
Incendia Partners,https://www.linkedin.com/company/incendiapartners/,,....  What We Offer: • Efficient Staffing – A streamlined hiring process for quick and effective placements. • Diverse Industries – Specializing in Software...,Staffing and Recruiting,"Framingham, MA"
"Redolent, Inc",https://www.linkedin.com/company/redolent-inc/,,"Redolent, Inc is a  leading engineering and software solution company focusing on enterprise solutions enabling its customers to realize best value on its investments.   We provide world-class solutions in  Talent Management, Managed workforce, Automation Engineering, Digital and Cloud transformation, Managed...",IT Services and IT Consulting,"Fremont, California"
Datamam,https://www.linkedin.com/company/datamamscraping/,,Leading a Progress Unified by Data • Specialties: software,Software Development,"Laguna Beach, California"
Aziro (formerly MSys Technologies),https://www.linkedin.com/company/azirotech/,,Specialties: Software-Defined Storage,Software Development,"Alpharetta, Georgia"
Tekshapers,https://www.linkedin.com/company/tekshapers-inc/,,One stop solution for all your IT Software & staff augmentation and consulting  needs.  T:-1-248-565-4747,IT Services and IT Consulting,"Troy, Michigan"
Per Scholas,https://www.linkedin.com/company/perscholas/,,"..., IT Support, and Software Engineering. 85%+ of our learners are people of color, 40% are women, and more than half hold a high school diploma as their highest...","Bronx, NY",
BEPC Inc. - Business Excellence Professional Consulting,https://www.linkedin.com/company/bepc-consulting/,,"...and technical consulting services that include: process, product, equipment, and software validations, process and product transfers, commissioning...",Staffing and Recruiting,"San Angelo, TX"
PathAI,https://www.linkedin.com/company/pathai/,,Improving patient outcomes with AI-powered pathology • Specialties: software engineering,Software Development,"Boston, Massachusetts"
Symbotic,https://www.linkedin.com/company/symbotic/,,"Symbotic® (Nasdaq: SYM) is an automation technology leader reimagining the supply chain with its end-to-end, A.I.-powered robotic and software platform. Symbotic reinvents the warehouse as a strategic asset for the world’s largest retail, wholesale, and food & beverage companies. Applying next-generation technology...",Automation Machinery Manufacturing,"Wilmington, MA"
Weedmaps,https://www.linkedin.com/company/weedmaps/,,Weedmaps is the technology platform powering the cannabis industry • Specialties: Software,Software Development,"Orange County, CA"
ABBYY,https://www.linkedin.com/company/abbyy/,,ABBYY puts your information to work with purpose-built AI • Specialties: Artificial intelligence software,Software Development,"Austin, Texas"
Aircall,https://www.linkedin.com/company/aircall/,,"The collaborative, AI-powered workspace trusted by 22K businesses for all customer conversations • Specialties: Call center software",Software Development,"New York, NY"
Team Geek Solutions,https://www.linkedin.com/company/teamgeeksolutions/,,"AI-Driven Solutions, Custom Software Development, Global Talent Optimization | Gen AI, Cloud, Cybersecurity & Automation",IT Services and IT Consulting,"Leander, Texas"
"Chetu, Inc.",https://www.linkedin.com/company/chetu-inc-/,,AI & Digital Transformation Solutions • Specialties: Custom Software Development,Software Development,"Sunrise, Florida"
Theery,https://www.linkedin.com/company/theery/,,"We have 3 recruitment teams: Software, Hardware and Biotechnology/Life Sciences. Retained and Contingency options.",Staffing and Recruiting,"Los Angeles, California"
AgreeYa Solutions,https://www.linkedin.com/company/agreeya-solutions/,,"AgreeYa Solutions is a leading global provider of software, solutions and services to small, medium and global Fortune 100 organizations. Founded in 1999 and headquartered in Folsom, Calif., AgreeYa has over 2,500 professionals helping clients across U.S, India, Mexico, and Singapore. Leveraging a technology-enabled...",IT Services and IT Consulting,"Folsom, CA"
Teramind,https://www.linkedin.com/company/teramindco/,,"Predictive Edge, Powered by AI - Intelligence That Protects Your Workforce • Specialties: Employee Monitoring Software",Software Development,"Cheyenne, Wyoming"
Datasite,https://www.linkedin.com/company/datasiteglobal/,,We empower dealmakers around the world with the tools they need to succeed across the entire M&A journey • Specialties: Computer Software,Software Development,"Minneapolis, Minnesota"
maven,https://www.linkedin.com/company/maven-alpha/,,"A little bit on us . . . . . .  We are a passionate team of Investors, Brand Ambassadors and Niche Recruiters who connect talented Software Engineers & PhD Quants with the Most Interesting, Challenging & Highly Compensated Job Opportunities in the World.  Opportunities where you will work with the best minds...",Staffing and Recruiting,"New York, NY"
Qumulo,https://www.linkedin.com/company/qumulo/,,"Qumulo is the simple way to manage exabyte-scale data anywhere — edge, core, or cloud — on the platform of your choice • Specialties: Software",Software Development,"Seattle, WA"
Hilti North America,https://www.linkedin.com/company/hilti-usa/,,"We supply the construction and energy industries with innovative products, systems, software and services. #LifeAtHilti",Construction,"Plano, Texas"
"Q1 Technologies, Inc.",https://www.linkedin.com/company/q1tech/,,"Q1 is a global professional organization that delivers quality IT products and services. Q1 specializes in Software Development, Business Consulting...",IT Services and IT Consulting,"Chicago, Illinois"
Smartcat,https://www.linkedin.com/company/smartcatai/,,"Smartcat is the essential AI platform for global enterprise content.  Smartcat’s expert-enabled AI Agents automate content creation, translation, and localization across every format, language, and team — from documents to websites to software. Built for speed, scale, and brand control, they help global organizations...","Technology, Information and Internet","Wilmington, DE"
TripleTen,https://www.linkedin.com/company/tripleten/,,"..., part-time and full-time bootcamps in:  Software Engineering  Quality Assurance  Business Intelligence Analytics  Cyber Security  UX/UI Design  AI and Machine...","Salt Lake City, Utah",
Anuta Networks,https://www.linkedin.com/company/anuta-networks/,,"Anuta Networks is a leading provider of Web-Scale On-prem and Cloud Network Orchestration and Assurance software for the branch, campus, data center and service provider-managed multi-vendor enterprise networks.  Anuta ATOM orchestration and assurance platform enables customers to automate and accelerate...","Technology, Information and Internet","Milpitas, California"
Resource Logistics Inc.,https://www.linkedin.com/company/resource-logistics/,,...• Statement of Work • Payroll Services  Software Solutions: • Vendor Management • Software Development • Technology Consulting • Infrastructure Services   Industries...,IT Services and IT Consulting,"East Brunswick, New Jersey"
Action1,https://www.linkedin.com/company/action1corp/,,"...risks, and protects the digital employee experience.   In 2025, Action1 was recognized by Inc. 5000 as the fastest-growing private software company in America...",Computer and Network Security,"Houston, Texas"
Clarifai,https://www.linkedin.com/company/clarifai/,,Create and Control Your AI Workloads On Any Compute • Specialties: software,Software Development,"Wilmington, Delaware"
ColorTokens Inc.,https://www.linkedin.com/company/colortokens/,,"Simplify, accelerate and automate microsegmentation and Zero Trust cybersecurity for all enterprises, legacy to cloud • Specialties: Software Defined Security",Software Development,"San Jose, California"
Bubble,https://www.linkedin.com/company/bubble/,,Specialties: software,Software Development,"New York, NY"
vFairs,https://www.linkedin.com/company/vfairs/,,"...content & email marketing software to promote events, analytics to understand performance, and planning tools like budgeting, accommodation management...","Technology, Information and Internet","Carrollton, Texas"
Kong Inc.,https://www.linkedin.com/company/konghq/,,Powering the API World • Specialties: software,Software Development,"San Francisco, California"
Modern Campus,https://www.linkedin.com/company/moderncampus/,,"...-obsessed, fearless in facing challenges, and united in the pursuit of excellence. At Modern Campus, you won’t just be building software—you’ll be building better...",Higher Education,"Camarillo, California"
Hubstaff,https://www.linkedin.com/company/hubstaff/,,"Hubstaff is a time tracking software that includes built-in productivity monitoring, automated payments, and workforce analytics.  It’s used by over 112,000 remote, hybrid, in-office, and field-based teams to log hours, streamline operations, and gain insight into how work gets done.","Technology, Information and Internet","Indianapolis , Indiana"
ForgeRock (Now Ping Identity),https://www.linkedin.com/company/forgerock/,,"Simply and Safely Access the Connected World. 
➡️ Follow us at Ping Identity • Specialties: Identity Software Platform",Software Development,"San Francisco, CA"
Snorkel AI,https://www.linkedin.com/company/snorkel-ai/,,"Expert Data. 
Unparalled Quality • Specialties: software",Software Development,"Redwood City, California"
Rolustech,https://www.linkedin.com/company/rolustech/,,"...industry, we have successfully delivered over 900 custom projects to clients worldwide.  Our team has over 300  Software Engineers, Technical Architects, Business Analysts, Project...",IT Services and IT Consulting,"San Francisco, California"
"Princeton IT Services, Inc",https://www.linkedin.com/company/princeton-it-services-inc/,,"...Consultants specializing in Data Analytics, Database Technology Solutions, Infrastructure Management Services, Software Development, and Server Automation...",Information Technology & Services,"New York, NY"
The Davis Companies,https://www.linkedin.com/company/the-davis-companies/,,"The DAVIS Companies is a preferred source for Staffing Solutions and Talent Advisory Services, specializing in contract, contract-to-hire and direct hire staffing for Engineering, Skilled Manufacturing, IT and Software personnel.    A recognized leader in the staffing industry for the past 30 years, DAVIS Companies...",Staffing and Recruiting,"Marlborough, Massachusetts"
Artemis Consultants,https://www.linkedin.com/company/artemis-consultants/,,...are:   • SaaS & Enterprise Software  • AI & ML • B2B Technology & B2B Services • Data & Analytical Services • Financial Services & Insurance • Healthcare & Life Sciences...,Staffing and Recruiting,"Columbus, Ohio"
SpotDraft,https://www.linkedin.com/company/spotdraft/,,"Award winning, AI-driven, end-to-end contract automation platform for companies of all sizes • Specialties: Software Development",Software Development,New York
Integrate,https://www.linkedin.com/company/integrate-/,,"From disconnected data, to revenue ready leads. Integrate exists to make your data marketable so you can drive pipeline • Specialties: Marketing Software",Software Development,"Phoenix, Arizona"
Eptura,https://www.linkedin.com/company/eptura/,,"We provide worktech solutions for people, workplaces, and assets to enable everyone to reach their full potential • Specialties: Space Management Software",Software Development,"Atlanta, Georgia"
Vention,https://www.linkedin.com/company/ventionteams/,,The software development partner of choice for innovators looking to reach new heights.,IT Services and IT Consulting,"New York, New York"
Seesaw Learning,https://www.linkedin.com/company/seesaw-learning/,,All your elementary needs super-powered by AI. Joyful instruction + family engagement = improved student outcomes • Specialties: Software,Software Development,"San Francisco, California"
nCino,https://www.linkedin.com/company/ncino-inc-/,,Specialties: Cloud Banking Software,Software Development,"Wilmington, NC"
uTest,https://www.linkedin.com/company/utest/,,"We are uTest – digital quality, powered by people. uTest is the world’s largest, most diverse digital testing community • Specialties: Software Testing",Software Development,"Framingham, Massachusetts"
Markforged,https://www.linkedin.com/company/markforged/,,...-built metal & carbon-reinforced materials for strength and beautiful finishes; and cloud software for turning drawings into high-strength printing.  Interested...,Industrial Machinery Manufacturing,"Waltham, Massachusetts"
Trinetix,https://www.linkedin.com/company/trinetix-inc/,,"Trinetix is a global custom software development partner that brings ambitious ideas to life. We’ll help you transform the way your business operates, serves, navigates industry changes, and sets new market standards. We specialize in delivering design-forward, award-winning technology solutions. As your strategic...",IT Services and IT Consulting,"Brentwood, Tennessee"
AuditBoard,https://www.linkedin.com/company/auditboard/,,"AuditBoard is the leading AI-powered 
global platform for connected risk, transforming audit, risk, and compliance • Specialties: GRC software",Software Development,"Cerritos, California"
CARET,https://www.linkedin.com/company/get-caret/,,Empowering professionals with the latest practice management technology & automation to create space for what matters • Specialties: Law Practice Management Software,Software Development,"Del Mar, California"
Hinge,https://www.linkedin.com/company/hinge-app/,,"Meet people who want to get off dating apps, too • Specialties: software",Software Development,New York
Tecsys Inc.,https://www.linkedin.com/company/tecsys-inc/,,Equipping supply chain greatness • Specialties: Software,Software Development,"Chicago, IL"
Skit.ai,https://www.linkedin.com/company/skit-ai/,,Leading Conversational AI solution. One Platform for Multichannel Collections Conversations powered by Generative AI • Specialties: Enterprise Software,Software Development,New York
Vaisesika,https://www.linkedin.com/company/vaisesika/,,"We are an ISO 27001 and CMMI Level 3 certified innovative and value driven company in the business of Software Development, Quality Engineering, Validated Testing, ERP services, Cloud Migration & DevOps, RPA, Data Analytics & Business Intelligence. We have offices in US(Carlsbad,CA) and Canada (Toronto...",IT Services and IT Consulting,"Carlsbad, California"
TEAM International,https://www.linkedin.com/company/team-international/,,...are:  -Custom Software Development: Crafting unique software solutions tailored to meet each customer’s individual needs and objectives and enhance their operational...,IT Services and IT Consulting,"Lake Mary, FL"
Carbon,https://www.linkedin.com/company/carbon/,,"The Idea-to-Production Platform Rapidly design, develop and scale production of better products in less time with the Carbon platform. Integrated end-use materials, software, and 3D printers enable teams to accelerate bringing products to market — from idea to production.    Create radically better products...",Manufacturing,"Redwood City, CA"
Peer Consulting Resources Inc.,https://www.linkedin.com/company/peer-consulting/,,"Led by expertise, driven by purpose—transforming businesses with measurable results • Specialties: Software Development",Software Development,"New York, NY"
The Cypress Group,https://www.linkedin.com/company/the-cypress-group/,,...:  -Software Engineering  -Application Development  -Web Development  -Data Scientists -Data Engineering -Distributed Systems -Business Systems Analysis...,Staffing and Recruiting,"New York, NY"
Allwyn Corporation,https://www.linkedin.com/company/allwyncorp/,,"...in the global marketplace by helping them implement high quality, cost efficient software products and IT applications. Our key differentiators are our approach...",Information Technology & Services,"Herndon, Virginia"
Sisense,https://www.linkedin.com/company/sisense/,,Specialties: BI Software,Software Development,"New York, New York"
Chainguard,https://www.linkedin.com/company/chainguard-dev/,,"Chainguard is the trusted source for open source. By delivering hardened, secure, and production-ready builds of all the open source software engineers rely on, Chainguard helps organizations build faster, stay compliant, and eliminate risk. Its customers include Fortune 500 enterprises and global industry leaders...",Computer and Network Security,"Kirkland, WA"
DXC Technology,https://www.linkedin.com/company/dxctechnology/,,Impossible. Delivered • Specialties: Insurance Software and BPS,IT Services and IT Consulting,"Ashburn, Virginia"
PETADATA,https://www.linkedin.com/company/petadata/,,"..., financial services, insurance, retail, healthcare, manufacturing, and independent software vendors sectors.  PETADATA  services include application development...","Technology, Information and Internet","Fremont, California"
TransPerfect,https://www.linkedin.com/company/transperfect/,,Specialties: Software Localization and Testing,Translation and Localization,"New York, NY"
MT BYTES,https://www.linkedin.com/company/mtbytes/,,"...a global powerhouse in Software Development, AI Consulting, IT Infrastructure & Cloud Solutions, Cybersecurity, Remote IT Support, Digital Marketing, and Design...",IT Services and IT Consulting,"New York, NY"
ABC Fitness,https://www.linkedin.com/company/abc-fitness/,,"With four decades of experience behind us, we’ve brought together a suite of best-in-class platforms and a diverse, global, united team. We are now the only fit tech company on the planet that provides software for any fitness business, of any size, anywhere in the world.   We know you have a passionate vision...",Wellness and Fitness Services,"Sherwood, Arkansas"
CareStack™ - Dental Practice Management,https://www.linkedin.com/company/carestack/,,Complete Cloud-based Dental Software,Hospitals and Health Care,"Orlando, FL"
"Astir IT Solutions, Inc.",https://www.linkedin.com/company/astir-it/,,...to solve their business problems and increase their operational efficiency.     Astir IT provides solutions that address:  • IT Staffing  • Software Development...,Information Technology & Services,"South Plainfield, NJ"
Carestream Dental,https://www.linkedin.com/company/carestream-dental/,,...-class oral healthcare devices; Swissmeda offers market-leading clinical software and services; and Sensei includes best-in-class practice management software...,Medical Equipment Manufacturing,"Atlanta, Georgia"
AppSierra,https://www.linkedin.com/company/appsierra/,,Software Testing | Product Development - Build High Quality Web And Mobile Apps,IT Services and IT Consulting,"Lewes, Delaware"
EdCast by Cornerstone,https://www.linkedin.com/company/edcast/,,"Work Smarter, Achieve More, Be Future-Ready • Specialties: Enterprise Software",Software Development,"Mountain View, California"
Coinbase,https://www.linkedin.com/company/coinbase/,,Specialties: Software,Financial Services,Remote First
Packsize,https://www.linkedin.com/company/packsize/,,"...for highly efficient packaging environments. Our corrugated machine systems, proprietary software, workflow design solutions, and services deliver Right-sized Packaging...",Packaging and Containers Manufacturing,"Salt Lake City, UT"
Distillery,https://www.linkedin.com/company/distillery-tech/,,Premier nearshore software development accelerating velocity with elite AI-powered engineers and agile experts.,IT Services and IT Consulting,"Manhattan Beach, California"
Revalize,https://www.linkedin.com/company/revalize/,,Idea-to-cash solutions that help drive revenue at thousands of organizations around the world • Specialties: Software Development,Software Development,"Jacksonville, Florida"
Zyxware Technologies,https://www.linkedin.com/company/zyxware-technologies/,,...and leadership in their categories since 2006.  We are an organization with a strong commitment to the ideals of Free Software. Our commitment to Free Software has driven us to be one of the leading contributors to Drupal globally and many other initiatives to strengthen the global Free Software community.,Information Technology & Services,"Round Rock, Texas"
AI at Meta,https://www.linkedin.com/company/aiatmeta/,,"Together with the AI community, we’re pushing boundaries through open science to create a more connected world • Specialties: software development",Research Services,"Menlo Park, California"
Highspot,https://www.linkedin.com/company/highspot/,,The sales enablement platform that improves the productivity of your reps • Specialties: Sales Enablement Software,Software Development,"Seattle, Washington"
"Pyramid Consulting, Inc",https://www.linkedin.com/company/pyramid-consulting/,,"Supercharge your future with talent, technology & training • Specialties: software testing",IT Services and IT Consulting,Worldwide
Eliassen Group,https://www.linkedin.com/company/eliassen-group/,,Specialties: Software Engineering,Business Consulting and Services,"Reading, MA"
Harbinger Group,https://www.linkedin.com/company/harbinger-group/,,Building Innovative Products and Solutions Transforming the Way People Work and Learn • Specialties: Software Services,Software Development,"Redmond, WA"
Reputation,https://www.linkedin.com/company/reputation-com/,,Reputation empowers companies to fulfill their brand promise by managing their reputation performance in real-time • Specialties: Customer Experience Management Software,Software Development,"San Ramon, California"
OnlineJobs.PH,https://www.linkedin.com/company/onlinejobs-ph/,,"Creating Freedom: Build Your Dream, Outsource Smartly • Specialties: Filipino software developers",Outsourcing and Offshoring Consulting,"Lehi, Utah"
Multilingual Interpreters and Translators,https://www.linkedin.com/company/multilingualint/,,"...software applications, a platform that manages all of our employees, administration staff, reports, operations and all Language management around the Globe...",Translation and Localization,"Winter Haven, Florida"
"Sage Intacct, Inc.",https://www.linkedin.com/company/sageintacct/,,Specialties: Financial Software,Software Development,"San Jose, CA"
Jivox,https://www.linkedin.com/company/jivox/,,"We combine creative, data + media with generative AI to streamline commerce media and personalized marketing • Specialties: business-to-business (B2B) software",Software Development,"San Mateo, CA"
RTX,https://www.linkedin.com/company/rtx/,,Specialties: cyber and software solutions,Aviation and Aerospace Component Manufacturing,"Arlington, VA"
Ellevation Education,https://www.linkedin.com/company/ellevation-education/,,The nation's leading K–12 software solution designed for educators and districts to support English learners.,Education Administration Programs,"Boston, Massachusetts"
Lusha,https://www.linkedin.com/company/lushadata/,,Get your sales streaming • Specialties: Lead Generation Software,Software Development,"Boston, Massachusetts"
Rivian,https://www.linkedin.com/company/rivian/,,Keep the world adventurous forever • Specialties: software,Motor Vehicle Manufacturing,"Irvine, California"
Thycotic,https://www.linkedin.com/company/thycotic-software-ltd/,,"Thycotic is now Delinea, providing privileged access management (PAM) solutions for seamless security. Visit delinea.com • Specialties: Information Security Software",Software Development,"San Francisco, California"
"Leapfrog Technology, Inc.",https://www.linkedin.com/company/lftechnology/,,"Building digital experiences of tomorrow by innovating better, faster • Specialties: Custom Software Development",Software Development,"Seattle, WA"
Emerson's Automation Technologies & Solutions,https://www.linkedin.com/company/emerson-automation-solutions/,,Specialties: industrial software,Automation Machinery Manufacturing,"Round Rock, Texas"
Bidgely,https://www.linkedin.com/company/bidgely/,,AI-Powered Solutions for Utilities • Specialties: Consumer Software,Software Development,"Mountain View, California"
TechnologyAdvice,https://www.linkedin.com/company/technologyadvice/,,B2B technology and software advice from the experts who use it.,"Technology, Information and Media","Nashville, Tennessee"
Towards Data Science,https://www.linkedin.com/company/towards-data-science/,,"Publish insights on the world-leading AI, ML & data-science platform and reach data professionals worldwide • Specialties: Software Development",Internet Publishing,"San Francisco, California"
Hitachi Vantara,https://www.linkedin.com/company/hitachi-vantara/,,The Data Foundation for Innovation • Specialties: Storage Software,IT Services and IT Consulting,"Santa Clara, California"
Mindlance,https://www.linkedin.com/company/mindlance/,,mindfulness and balance • Specialties: Embedded Software Staffing,Staffing and Recruiting,"Union, NJ"
"Aezion, Inc",https://www.linkedin.com/company/aezion/,,Trusted Software A-Z,IT Services and IT Consulting,"Frisco, Texas"
AppFolio,https://www.linkedin.com/company/appfolio/,,Specialties: software-as-a-service,Software Development,"Santa Barbara, California"
Vertiv,https://www.linkedin.com/company/vertiv/,,The world depends on data we power and cool™ • Specialties: Software,"Appliances, Electrical, and Electronics Manufacturing","Columbus, OH"
Flatworld Solutions,https://www.linkedin.com/company/flatworld-solutions/,,"..., Contact Centres, Healthcare BPO, Software Development, Engineering Services, Mortgage Support, and Creative Services, among others.   Founded in 2004 with the single...",IT Services and IT Consulting,"Princeton, New Jersey"
Aprimo,https://www.linkedin.com/company/aprimomarketing/,,The #1 Digital Asset Management & Content Operations Platform • Specialties: Marketing Software,Software Development,"Chicago, Illinois"
Climate,https://www.linkedin.com/company/climate-llc/,,"..., we deliver technology breakthroughs powered by agronomic science, data science, software and hardware engineering, and real-world farming experience. We ensure farmers...","Technology, Information and Internet","St. Louis, Missouri"
WebCreek,https://www.linkedin.com/company/webcreek-technology/,,"At WebCreek, we provide software development teams that deliver custom IT services. With offices in the US, Latin America, Europe, and Asia; we leverage Nearshoring and Agile SCRUM methodologies to fit clients' needs and boost their competitive advantage. Our 20+ years of global experience combines technical expertise...",IT Services and IT Consulting,"Houston, TX"
Azumo,https://www.linkedin.com/company/azumo-llc/,,"Top-Rated and Award-Winning Nearshore Software Development | Build Intelligent Apps | AI, Web, Mobile, Data & Cloud.",IT Services and IT Consulting,"San Francisco, CA"
LeetCode,https://www.linkedin.com/company/leet-code/,,Elite coding empowers your future • Specialties: software engineer,IT Services and IT Consulting,"Palo Alto, CA"
TRG,https://www.linkedin.com/company/technology-resource-group/,,"We are experts in Engineering, IT, Software and Infrastructure.  We love all things technology. Our clients span an array of verticals including Automotive OEMS and Suppliers, Healthcare, FinTech and Startups . That’s not by chance but by design. This is our market, this is our passion.  Since 1998, TRG has partnered...",Staffing and Recruiting,"Troy, MI"
"Reddit, Inc.",https://www.linkedin.com/company/reddit-com/,,"The heart of the internet, where millions gather for conversation and community • Specialties: Software Engineering",Social Networking Platforms,"San Francisco, California"
Gmware,https://www.linkedin.com/company/gmware/,,Global management and software consulting,IT Services and IT Consulting,"Austin, Texas"
RigUp,https://www.linkedin.com/company/rigup/,,"RigUp is the source-to-pay solution built for energy. By combining purpose-built software with expert teams, we empower the world’s leading energy companies and their suppliers to work better, together.   Learn more about how RigUp is equipping everyone in the energy ecosystem to operate with greater speed...","Technology, Information and Internet","Austin, Texas"
WalkWater Technologies,https://www.linkedin.com/company/walkwater-technologies/,,".... Our consulting solutions range from project strategy and planning, software assessment and selection, to implementation and integration, hosting and change...",IT Services and IT Consulting,"San Jose, California"
Infogain,https://www.linkedin.com/company/infogain/,,Specialties: Software Engineering,IT Services and IT Consulting,"Los Gatos, CA"
Remotive,https://www.linkedin.com/company/remotive.io/,,The #1 site for remote jobs. Time to work from home! • Specialties: software development,"Technology, Information and Internet","New York, NY"
Quantinuum,https://www.linkedin.com/company/quantinuumqc/,,"Science led and enterprise driven, Quantinuum unites Cambridge Quantum’s best-in-class software with Honeywell Quantum Solutions’ high-performing trapped-ion hardware. We are scaling quantum computing and developing applications today to solve the world’s most pressing challenges.",Computer and Network Security,"Broomfield, Colorado"
Loftware,https://www.linkedin.com/company/loftware/,,The largest software company in the world specializing in Enterprise Labeling and Artwork Management solutions.,Software Development,"Portsmouth, NH"
Andela,https://www.linkedin.com/company/andela/,,"We connect brilliant global talent to meaningful opportunities to create sustainable, high-performing technology teams • Specialties: Software Development",IT Services and IT Consulting,"New York, New York"
Ema,https://www.linkedin.com/company/ema-unlimited/,,Agentic AI powered employees that enterprises can trust • Specialties: Enteprise Software,Software Development,San Francisco
People Tech Group Inc,https://www.linkedin.com/company/people-tech-group-inc/,,Empowering Your Business Journey with the Power of Technology • Specialties: Enterprise Software,IT Services and IT Consulting,"Redmond, Washington"
Blume Global,https://www.linkedin.com/company/blume-global/,,"Blume Global powers connected, efficient supply chains from sourcing to ship across global networks • Specialties: software",Software Development,"San Ramon, California"
unosquare,https://www.linkedin.com/company/unosquare/,,"𝘂𝗻𝗼𝘀𝗾𝘂𝗮𝗿𝗲 is a full-cycle digital engineering company that provides solutions to growing companies in regulated and data intensive industries. With 15+ years of software experience, we work with precision to accelerate your digital roadmap.",IT Services and IT Consulting,"Lake Oswego, Oregon"
Wayfair,https://www.linkedin.com/company/wayfair/,,Specialties: Software Engineering,Retail,"Boston, MA"
Medasource,https://www.linkedin.com/company/medasource/,,Healthcare Consulting and Professional Services | Best Places to Work in Healthcare • Specialties: Software,Hospitals and Health Care,"Indianapolis, Indiana"
SoftServe,https://www.linkedin.com/company/softserve/,,Specialties: Software Development,IT Services and IT Consulting,"Austin, TX"
Teledyne Technologies Incorporated,https://www.linkedin.com/company/teledyne-technologies-incorporated/,,Every Where You Look • Specialties: Software,Software Development,"Thousand Oaks, CA"
MISTRAS Group,https://www.linkedin.com/company/mistras-group./,,...by a proprietary management software suite that centralizes integrity data for predictive analytics and benchmark analysis.  With a long-standing track record...,Public Safety,"Princeton Junction, NJ"
NextGen Federal Systems,https://www.linkedin.com/company/nextgenfed/,,NextGen delivers transformative software and IT solutions to defense and intelligence agencies across the country.,IT Services and IT Consulting,"Morgantown, West Virginia"
Novatore Solutions,https://www.linkedin.com/company/novatore-solutions/,,We Engineer Software Solutions,IT Services and IT Consulting,"Dover, Delaware"
ASRC Federal,https://www.linkedin.com/company/asrc-federal/,,"...so our heroes can focus on protecting the nation. We have expertise in IT modernization, software applications and analytics, engineering solutions, critical...",IT Services and IT Consulting,"Reston, VA"
OCLC,https://www.linkedin.com/company/oclc/,,Specialties: Software,Software Development,"Dublin, OH"
Welocalize,https://www.linkedin.com/company/welocalize/,,Specialties: hardware and software testing,Translation and Localization,"New York, NY"
Apty,https://www.linkedin.com/company/apty/,,"Apty, a Digital Adoption Platform (DAP) that helps enterprises drive outcomes across their entire software ecosystem—including custom applications...","Technology, Information and Internet","Austin, Texas"
SoftSages Technology,https://www.linkedin.com/company/softsages-technology/,,"SoftSages Technology is an information technology company that specializes in IT consulting, software development, mobile application development...",IT Services and IT Consulting,"Malvern, Pennsylvania"
Glocomms,https://www.linkedin.com/company/glocomms/,,"Founded in 2013, Glocomms is proud to be a leading specialist talent partner for the tech sector • Specialties: Software Development",Professional Services,New York
Technicolor Group,https://www.linkedin.com/company/technicolorgroup/,,Specialties: Software,Entertainment Providers,Los Angeles
Blue Signal Search,https://www.linkedin.com/company/blue-signal-search/,,Engage. Connect. Hire • Specialties: Software,Staffing and Recruiting,"Phoenix, AZ"
Pursuit,https://www.linkedin.com/company/pursuit-sales-solutions/,,"Hiring A-Player talent is hard. We make it easier. Sales, marketing, & B2B recruiting • Specialties: Software Sales",Staffing and Recruiting,"Dallas, Texas"
Anchor Point Technology Resources,https://www.linkedin.com/company/anchor-point-technology-resources/,,"...the best hardware or software is important, but the people who are working with the technology will be what ultimately determines success or failure. We go...",Information Technology & Services,"Indianapolis, Indiana"
Open Systems International,https://www.linkedin.com/company/open-systems-international/,,Specialties: Utility Automation Software,Software Development,"Bedford, Massachusetts"
NETSOL Technologies Inc.,https://www.linkedin.com/company/netsol-technologies-inc-/,,Transcend the limits of technology. From AI-powered finance solutions to innovative cloud services • Specialties: Leasing & Finance Software,IT Services and IT Consulting,"Calabasas, CA"
Customertimes,https://www.linkedin.com/company/customertimes/,,"..., industry focus, and deep software expertise, we are fully committed to delivering exceptional business results, regardless of project scale or complexity...",IT Services and IT Consulting,"New York, NY"
Seabury Capital,https://www.linkedin.com/company/seabury-capital/,,"Seabury Capital operates a number of specialty finance, investment banking, technology, and software companies",Airlines and Aviation,"New York, NY"
Kodak Alaris,https://www.linkedin.com/company/kodak-alaris/,,"Kodak Alaris is a leading provider of information capture and intelligent document processing solutions that simplify business processes. We exist to help the world make sense of information with smart, connected solutions powered by decades of image science innovation. Our award-winning software, scanners...",Information Services,"Rochester, New York"
Quizlet,https://www.linkedin.com/company/quizlet/,,Helping students (and their teachers) practice and master whatever they are learning • Specialties: Consumer Software,Software Development,"San Francisco, California"
Quantum World Technologies Inc.,https://www.linkedin.com/company/quantumworldtech/,,Taming the Quantum World • Specialties: Software and App Development,IT Services and IT Consulting,"Los Alamitos, California"
beehiiv,https://www.linkedin.com/company/beehiiv/,,the operating system for the content economy • Specialties: software,Software Development,"New York, New York"
HTEC,https://www.linkedin.com/company/htecgroup/,,"HTEC Group Inc. is a global AI-first provider of strategic services, software design, and engineering expertise, specializing in Telco, Financial Services, MedTech, Automotive, Advanced Technologies, and Enterprise Software & Platforms. HTEC has a proven track record of helping Fortune 500 and hyper-growth companies...",IT Services and IT Consulting,"Palo Alto, California"
Spotnana,https://www.linkedin.com/company/spotnanatechnology/,,Spotnana powers unparalleled global travel experiences • Specialties: Enterprise Software,Software Development,New York
"KGS Technology Group, Inc",https://www.linkedin.com/company/techkgs/,,"Best Software Development , IT Staffing and Software Service Provider in the US | H1B Dependent Employer",IT Services and IT Consulting,"Alpharetta, GA"
ELB Learning,https://www.linkedin.com/company/elblearning/,,"ELB Learning offers the industry-leading suite of innovative software and professional services that empower businesses to unlock their people’s greatest potential through customized learning experiences.  As a full-service learning and development partner, ELB Learning helps clients develop, deliver, administer...",E-Learning Providers,"American Fork, UT"
AE Business Solutions,https://www.linkedin.com/company/ae-business-solutions/,,"...hardware and software solutions, AE Business Solutions provides project-based consulting as well as short and long-term staffing solutions.",Information Technology & Services,"Madison, Wisconsin"
DaCodes.,https://www.linkedin.com/company/dacodes/,,"DaCodes empowers organizations to achieve their full potential through custom software solutions. We believe in the power of technology to drive innovation and growth.  ✅We understand your unique vision. ✅We engineer for impact ✅We're a global team, dedicated to your success  Our 220+ DaCoders worldwide provide...",Information Technology & Services,"Houston, Texas"
ICON,https://www.linkedin.com/company/icon3dtech/,,"...catalog for residential architecture, and an AI architect for home design and construction. Using proprietary 3D printing robotics, software and advanced...",Construction,"Austin, Texas"
Zemoso Technologies,https://www.linkedin.com/company/zemoso-technologies/,,Helping Entrepreneurs and Corporate Innovators take their vision from Zero to Scale • Specialties: Software Engineering,IT Services and IT Consulting,"Farmers Branch, Texas"
Tekniforce,https://www.linkedin.com/company/tekniforce/,,"Check out our open jobs at https://www.tekniforce.com/job-listings/.    We boast a diverse membership of world-class experts in software development, systems engineering, project management, and product/service marketing for multiple industry areas. Through our network of professional software and marketing...",Staffing and Recruiting,"Cary, North Carolina"
Upstart,https://www.linkedin.com/company/upstart-network/,,The AI lending marketplace redefining how America borrows • Specialties: Auto Software,Financial Services,"San Mateo, CA"
Flexport,https://www.linkedin.com/company/flexport/,,Specialties: software,"Transportation, Logistics, Supply Chain and Storage","San Francisco, California"
Belcan,https://www.linkedin.com/company/belcan-engineering/,,Specialties: Systems & Software,IT Services and IT Consulting,"Cincinnati, OH"
CyberArk,https://www.linkedin.com/company/cyber-ark-software/,,CyberArk is the global leader in identity security • Specialties: Information Security Software,IT System Custom Software Development,"Newton, MA"
TestFit,https://www.linkedin.com/company/testfits/,,Real estate feasibility platform to realize the full potential of land through trusted automation • Specialties: CAD Software,Software Development,"Dallas, Texas"
"Convene, Inc.",https://www.linkedin.com/company/convene-tech/,,We help companies edge out their competitors through crafting innovative software solutions.,IT Services and IT Consulting,"Tampa, Florida"
Donnelley Financial Solutions (DFIN),https://www.linkedin.com/company/dfinsolutions/,,"DFIN is the leading global provider of compliance and regulatory software and services, fueling end-to-end investment company regulatory compliance needs...",Financial Services,"Chicago, Illinois"
"AppLab Systems, Inc",https://www.linkedin.com/company/applab-systems-inc/,,"..., organisations and government agencies maximise their corporate information in their database using best in breed, best in class Business Intelligence software solutions...",Staffing and Recruiting,"Princeton, NJ"
"CivicMinds, Inc",https://www.linkedin.com/company/civicminds-recruitment/,,"..., Tax Accountant, Financial Director, Staff Accountant, Relationship Banker, Financial Systems Analyst.  IT STAFFING: Software Architects, Database Administrators & Application Developers, Software Programmers, Artificial Intelligence",Staffing and Recruiting,"Stanton, CA"
ZDNET,https://www.linkedin.com/company/zdnet-com/,,Specialties: Enterprise software,"Technology, Information and Internet","New York, NY"
Tech Unicorn,https://www.linkedin.com/company/techunicorndxb/,,"..., the company develops solutions that not only address today’s demands but anticipate the needs of tomorrow. As a global Independent Software Vendor (ISV), Tech Unicorn...",IT Services and IT Consulting,"Wilmington, Delaware"
True Anomaly,https://www.linkedin.com/company/true-anomaly/,,"True Anomaly is the only defense technology company focused exclusively on space defense.   Founded in 2022 by ex-U.S. Space Force members, True Anomaly designs and builds advanced systems for space superiority: agile and powerful spacecraft platforms, mission software engineered for unmatched command and control...",Defense and Space Manufacturing,"Englewood, Colorado"
Jobvite,https://www.linkedin.com/company/jobvite/,,"People-first recruiting software that cuts through complexity, so you can hire with confidence.",Software Development,"Denver, Colorado"
ThoughtFocus,https://www.linkedin.com/company/thoughtfocus/,,Fearless by Design. Innovative by Nature • Specialties: Software Engineering,IT Services and IT Consulting,"Dallas, Texas"
Codecademy,https://www.linkedin.com/company/codecademy/,,Learn the latest tech skills to build the career you’ve always wanted with Codecademy by Skillsoft • Specialties: Software,"New York, NY",
Eximietas Design,https://www.linkedin.com/company/eximietas-design/,,"Eximietas Design is a leading technology consulting and solutions development firm specializing in Chip design, Firmware & Embedded Software development, Cloud...",Engineering Services,"San Jose, California"
Detroit Engineered Products,https://www.linkedin.com/company/detroit-engineered-products/,,"...to the inception of DEP MeshWorks, our proprietary software platform. DEP MeshWorks is a CAE driven platform for rapid concept CAE and CAD model generation...",Motor Vehicle Manufacturing,"Troy, Michigan"
ARi,https://www.linkedin.com/company/ariglobal/,,"ARi is a global engineering firm headquartered in East Peoria, Illinois, USA offering services for: Embedded Software, Product Engineering, Manufacturing Engineering and Testing & Validation. We also offer advanced solutions on Automation & Robotics as well as Digital Transformation.  We work with 3 of the top 5 Heavy...",Industrial Machinery Manufacturing,"East Peoria, IL"
Encora Inc.,https://www.linkedin.com/company/encorainc/,,Specialties: Software and Digital Product Engineering Services,IT Services and IT Consulting,"Santa Clara, California"
VIVA USA Inc.,https://www.linkedin.com/company/viva-usa-inc/,,"We supercharge our clients’ growth with Software, Supplier Diversity & Staffing solutions",IT Services and IT Consulting,"Rolling Meadows, Illinois"
Intuit Accountants,https://www.linkedin.com/company/intuit-accountants/,,"Helping accounting and tax pros save time, grow their practice and serve their clients as trusted advisors • Specialties: Accounting software",Software Development,"Mountain View, CA"
Two Sigma,https://www.linkedin.com/company/two-sigma-investments/,,Specialties: software development,Financial Services,"New York, NY"
UX Magazine,https://www.linkedin.com/company/ux-magazine/,," • Specialties: software design",Online Audio and Video Media,"Berkeley , California "
Sovos,https://www.linkedin.com/company/sovos/,,Specialties: VAT Reporting Software and Services,Software Development,"Wilmington, MA"
Karbon,https://www.linkedin.com/company/karbonhq/,,"Practice Management for scaling accounting firms. Your teams, clients, workflow, documents, planning, reporting + more • Specialties: Software as a service",Software Development,"Sausalito, California"
Magnet Forensics,https://www.linkedin.com/company/magnet-forensics/,,We provide organizations with innovative tools to investigate cyberattacks and digital crimes • Specialties: Digital Forensic Software,Software Development,"Atlanta, Georgia"
Jade Global,https://www.linkedin.com/company/jade-global/,,"Award-winning, US-headquartered partner driving cloud, integration, and AI-led transformation with 2,000+ employees • Specialties: Warehouse Management Software",IT Services and IT Consulting,"San Jose, California"
SuperOps,https://www.linkedin.com/company/superops-ai/,,"The AI-powered PSA-RMM platform, designed for fast-growing MSPs • Specialties: Remote Monitoring and Management Software",Software Development,"Claymont, Delaware"
Itransition Group,https://www.linkedin.com/company/itransition/,,Software development company,IT Services and IT Consulting,"Decatur, Georgia"
ReversingLabs,https://www.linkedin.com/company/reversinglabs/,,ReversingLabs is the trusted name in file and software security. RL - Trust Delivered.,Computer and Network Security,"Cambridge, Massachusetts"
Zone24x7,https://www.linkedin.com/company/zone24x7/,,...Lanka. Specialized in offering end-to-end technology consulting and engineering services encompassing both hardware and software.  Our sound research and development background means that we are constantly developing leading-edge technology solutions ahead of market needs. Our ability to meld hardware and software...,IT Services and IT Consulting,"San Jose,  California "
SOLTECH,https://www.linkedin.com/company/soltech-inc/,,"Award-Winning Custom Software Development & IT Staffing.   #TopWorkplaces2024, Best & Brightest Company To Work For 2025",IT Services and IT Consulting,"Atlanta, Georgia"
Total AI Systems Inc.,https://www.linkedin.com/company/total-ai-systems/,,Total AI Systems Inc. specializes in the development of commercial applications that incorporate next-generation artificial intelligence and automation. Our software solutions help businesses modernize their processes and re-dedicate valuable resources.,IT Services and IT Consulting,"Dover, Delaware"
Allshore Talent,https://www.linkedin.com/company/allshore-talent/,,"Your reliable partner in technology and workforce management • Specialties: Direct-Access Resource Partner for Web, Software, and eCommerce Applications Development",Software Development,"Kansas City, Missouri"
Topcoder,https://www.linkedin.com/company/topcoder/,,"...Science, Software Development, Design, and QA solutions through a proven crowdsourcing model that delivers: • Speed: Multiple parallel workstreams to deliver 3x...",Internet Marketplace Platforms,Bay Area/Global
VySystems,https://www.linkedin.com/company/vysystems/,,Dotting the Growth • Specialties: Software Training,Information Technology & Services,"Santa Clara, CA"
Devbridge,https://www.linkedin.com/company/devbridge/,,"Devbridge, a Cognizant company is a trusted technology partner for forward-thinking Global 2000 companies transitioning to a product-centric operating model, excels in crafting exceptional custom software that delivers tangible results for clients and their customers. Leveraging a proven methodology, data-informed...",IT Services and IT Consulting,"Chicago, Illinois"
Sonder Inc.,https://www.linkedin.com/company/sonder-inc/,,"Inspiring, award-winning design meets modern, mobile-first service. Welcome to the future of hospitality • Specialties: Software Development",Hospitality,"San Francisco, California"
Dexcom,https://www.linkedin.com/company/dexcom/,,Specialties: Mobile Software,Medical Equipment Manufacturing,"San Diego, California"
"Zenwork, Inc",https://www.linkedin.com/company/zenworkinc/,,Zenwork is a fast-growing digital tax compliance and regulatory reporting technology company • Specialties: Tax Software,Software Development,"Westlake, Texas"
Fusion Life Sciences Technologies LLC,https://www.linkedin.com/company/fusion-life-sciences-technologies-llc/,,"...brings deep expertise across Engineering, Technical, Administrative, Healthcare, Life Sciences, Blue Collar, Skilled Trades, IT, Software Development...",Staffing and Recruiting,"Alpharetta, Georgia"
"ServiceMax, a PTC Technology",https://www.linkedin.com/company/servicemax/,,"ServiceMax, a PTC technology, is on a mission to help customers keep the world running with asset-centric field service management software. As a recognized leader in this space, our cloud-based software and mobile apps provide a complete view of assets to field service teams. By optimizing field service operations...",IT Services and IT Consulting,"Pleasanton, CA"
Pluralsight,https://www.linkedin.com/company/pluralsight/,,We’re the technology workforce development company that helps individuals and organizations transform with tech skills • Specialties: software development,E-Learning Providers,"Westlake, Texas"
Amplify,https://www.linkedin.com/company/amplifyinc/,,Next‑generation curriculum and assessment on one intuitive platform • Specialties: Mobile classroom assessment software,Education Administration Programs,"Brooklyn, NY"
Fingent,https://www.linkedin.com/company/fingent-technologies/,,Software Development Solutions For All Your Enterprise Needs,IT Services and IT Consulting,"New York, New York"
Chamberlain Group,https://www.linkedin.com/company/chamberlain-group-llc/,,Making access simple and secure with #myQconnected solutions • Specialties: Software Development,Software Development,"Oak Brook, Illinois"
Talentus Global,https://www.linkedin.com/company/talentusglobal/,,We facilitate talent & solutions across the globe. Smart Sourcing - Dedicated Teams - IT Services - Software Outsourcing,Outsourcing and Offshoring Consulting,"North Miami, Florida"
Slice,https://www.linkedin.com/company/slice/,,Empowering independent pizzerias and their owners • Specialties: Software,Software Development,"New York, NY"
Rithum,https://www.linkedin.com/company/rithumcommerce/,,Powering the future of commerce • Specialties: Software,Software Development,"Atlanta , GA"
"IDC Technologies, Inc.",https://www.linkedin.com/company/idc-technologies-inc./,,Empowering Technology Services • Specialties: Software Development,IT Services and IT Consulting,"Milpitas, California"
Lever,https://www.linkedin.com/company/lever-/,,"People-first recruiting software that helps you stay ahead with flexible, data-driven hiring",Software Development,"Denver, Colorado"
VentureDive,https://www.linkedin.com/company/venturedive/,,Embedding Intelligence across Enterprise Workflows • Specialties: Custom Software Development,IT Services and IT Consulting,"Mountain View, California"
Indotronix Avani Group,https://www.linkedin.com/company/indotronix-avani-group/,,Indotronix International Corp. (IIC) is part of the Indotronix Avani Group • Specialties: Custom Software Development,Staffing and Recruiting,"Rochester, New York"
BuildWitt,https://www.linkedin.com/company/buildwitt/,,People-focused software to help build the next-gen in heavy civil construction. Home of Ariat Dirt World Summit.,Construction,"Nashville, Tennessee"
Netcracker Technology,https://www.linkedin.com/company/netcrackertech/,,Netcracker is the strategic digital transformation partner for service providers around the world • Specialties: software-defined networking (SDN),Telecommunications,"Waltham, MA"
Gecko Robotics,https://www.linkedin.com/company/geckorobotics/,,AI + Robotics for the Built World • Specialties: Software,Software Development,"Pittsburgh, Pennsylvania"
General Assembly,https://www.linkedin.com/company/generalassembly/,,Specialties: software engineering,"New York, NY",
FCI CCM,https://www.linkedin.com/company/fci-ccm-inc/,,FCI CCM is a financial technology software company with a strong presence in India and the United States. We specialize in revolutionizing transactional communication processes and spearheading innovation and transformation for global enterprises.   Our robust software and deep industry expertise empower organizations...,Information Technology & Services,"Hicksville, New York"
"Verticalmove, Inc",https://www.linkedin.com/company/verticalmove/,,"Verticalmove is among the 2023 Inc. 5000 list of the fastest-growing private companies in America!  We build IT, Product, and Software Engineering teams. Period.  For more than two decades we’ve been building IT, Product, and Software Engineering teams for global Fortune 50 brands to smaller, emerging growth start...",IT Services and IT Consulting,"Scottsdale, Arizona"
